Time,X1,Y1,Z1,VX1,VY1,VZ1,X2,Y2,Z2,VX2,VY2,VZ2,XF,YF,ZF,VXF,VYF,VZF
0.000,4998.369,5000.996,5000.195,0.000,0.000,0.000,5004.705,4998.684,4996.607,0.000,0.000,0.000,5004.705,4998.684,4996.607,0.000,0.000,0.000
0.020,4998.953,5000.411,5000.196,1.124,-1.125,0.003,5002.844,5003.679,4994.296,-3.588,9.602,-4.446,4998.953,5000.411,5000.196,1.124,-1.125,0.003
0.040,4999.386,5000.386,4999.536,3.182,-1.132,-3.303,5002.068,5006.849,4994.013,-7.133,24.495,-5.413,4999.386,5000.386,4999.536,3.182,-1.132,-3.303
0.060,4999.676,5000.056,4999.293,4.925,-3.497,-4.661,5003.051,5007.073,4996.421,1.511,22.455,13.956,4999.676,5000.056,4999.293,4.925,-3.497,-4.661
0.080,5000.508,5000.257,4999.848,11.605,-1.015,1.235,5005.687,5007.490,4998.060,25.217,22.210,26.333,5000.508,5000.257,4999.848,11.605,-1.015,1.235
0.100,5002.049,5001.227,5001.266,23.880,8.322,14.320,5008.860,5007.904,5000.356,50.267,21.987,42.954,5002.049,5001.227,5001.266,23.880,8.322,14.320
0.120,5003.624,5002.623,5002.962,33.807,19.516,27.114,5011.684,5009.527,5001.780,66.750,32.795,48.089,5003.624,5002.623,5002.962,33.807,19.516,27.114
0.140,5005.609,5004.659,5005.185,44.916,33.577,41.429,5011.657,5011.239,5006.603,55.135,41.815,80.963,5005.609,5004.659,5005.185,44.916,33.577,41.429
0.160,5007.572,5006.787,5007.420,53.288,45.143,52.553,5013.374,5010.960,5011.935,59.992,33.070,110.295,5007.572,5006.787,5007.420,53.288,45.143,52.553
0.180,5010.013,5009.213,5009.771,63.279,56.349,62.065,5017.573,5012.279,5013.424,81.864,37.974,105.127,5010.013,5009.213,5009.771,63.279,56.349,62.065
0.200,5012.454,5011.552,5011.948,71.252,64.663,68.469,5019.178,5016.452,5014.292,81.580,61.109,96.827,5019.178,5016.452,5014.292,81.580,61.109,96.827
0.220,5014.367,5013.714,5014.132,74.382,70.261,73.689,5019.516,5018.077,5019.418,73.459,63.709,116.892,5018.663,5017.353,5018.549,73.330,64.628,109.728
0.240,5016.439,5015.842,5016.174,77.923,74.681,77.176,5020.789,5019.525,5023.407,72.358,64.842,126.751,5018.378,5017.485,5019.443,74.379,69.621,99.264
0.260,5018.252,5017.774,5018.237,79.462,77.296,80.213,5024.503,5021.991,5024.128,84.711,71.369,116.802,5022.979,5020.953,5022.709,82.847,72.364,107.919
0.280,5020.167,5019.988,5020.284,81.366,81.044,82.766,5026.640,5022.681,5027.947,87.070,67.693,124.584,5023.302,5021.238,5024.075,82.366,72.886,103.256
0.300,5022.379,5022.436,5022.483,84.647,85.545,85.855,5030.322,5025.163,5028.624,96.547,73.348,115.805,5025.575,5023.443,5024.975,88.507,78.718,97.786
0.320,5024.629,5024.735,5024.716,87.748,88.819,88.768,5031.708,5027.050,5031.900,94.098,75.485,120.382,5027.157,5025.451,5027.372,88.753,81.640,100.787
0.340,5027.041,5027.219,5027.037,91.345,92.674,91.842,5033.220,5030.127,5033.567,92.370,82.551,117.107,5029.361,5028.278,5029.584,90.604,87.774,101.953
0.360,5029.328,5029.714,5029.390,93.976,96.196,94.740,5035.887,5033.150,5034.280,95.863,88.612,110.225,5031.560,5030.944,5030.927,95.301,95.013,97.880
0.380,5031.509,5032.055,5031.538,95.810,98.647,96.387,5037.495,5036.083,5035.998,94.933,94.201,108.148,5032.767,5033.012,5032.335,96.006,99.663,96.467
0.400,5033.677,5034.346,5033.739,97.422,100.671,98.125,5038.218,5039.090,5038.626,89.891,98.572,110.005,5034.964,5036.090,5035.138,91.911,103.103,98.460
0.420,5035.657,5036.536,5035.847,97.994,102.021,99.244,5040.900,5041.538,5039.794,93.577,101.052,106.010,5037.177,5038.353,5036.742,93.632,104.554,94.667
0.440,5037.731,5038.646,5038.109,98.961,102.935,100.985,5043.264,5044.469,5040.997,95.840,105.489,102.436,5039.273,5040.659,5038.496,93.884,105.600,91.979
0.460,5040.043,5040.882,5040.413,100.993,104.421,102.873,5045.121,5046.244,5043.521,95.119,103.584,104.398,5041.416,5042.813,5040.873,93.268,105.274,93.132
0.480,5042.382,5043.078,5042.620,102.981,105.592,104.177,5046.270,5047.329,5047.087,91.633,98.853,110.052,5043.346,5044.568,5043.810,90.962,101.114,98.434
0.500,5044.725,5045.341,5044.918,104.902,107.016,105.831,5048.007,5050.333,5048.846,91.800,104.232,108.315,5045.237,5046.898,5045.642,93.978,107.042,99.221
0.520,5046.946,5047.527,5047.151,106.051,107.897,106.986,5050.654,5052.076,5050.559,95.085,103.286,106.615,5047.621,5048.788,5047.555,97.195,106.208,97.908
0.540,5049.159,5049.832,5049.462,107.122,109.289,108.451,5051.486,5053.671,5053.713,90.265,100.304,110.541,5049.339,5050.950,5050.483,90.914,101.973,101.107
0.560,5051.414,5052.061,5051.556,108.174,110.122,108.707,5053.076,5054.302,5057.167,88.695,93.695,115.481,5051.029,5052.116,5051.887,90.888,98.653,97.350
0.580,5053.490,5054.136,5053.568,108.054,109.951,108.305,5054.773,5055.074,5060.414,87.786,86.479,122.186,5053.134,5053.964,5053.498,96.429,101.846,99.512
0.600,5055.666,5056.227,5055.592,108.379,109.858,107.982,5057.880,5057.238,5061.491,93.725,91.426,113.370,5055.124,5055.823,5055.440,92.671,98.046,96.517
0.620,5057.767,5058.197,5057.493,107.932,108.925,106.811,5060.686,5058.081,5063.767,97.479,86.489,114.362,5057.165,5057.653,5057.241,91.950,96.695,95.086
0.640,5059.870,5060.150,5059.280,107.246,107.800,105.061,5064.021,5060.112,5064.687,103.313,89.659,106.747,5059.318,5059.569,5059.049,92.385,96.280,94.625
0.660,5061.935,5062.234,5061.342,106.818,107.595,104.888,5066.647,5062.731,5065.378,105.272,95.295,97.488,5061.216,5061.537,5060.929,90.498,95.331,93.207
0.680,5063.938,5064.283,5063.316,105.905,107.084,104.185,5067.571,5064.698,5068.895,100.641,94.606,106.202,5063.372,5063.695,5063.172,92.503,96.696,95.032
0.700,5065.738,5066.245,5065.219,103.867,106.002,102.956,5070.189,5067.738,5069.080,102.676,101.243,95.431,5065.340,5065.785,5065.113,93.085,97.986,95.404
0.720,5067.634,5068.353,5067.189,102.839,105.920,102.457,5071.549,5069.457,5072.424,98.921,99.827,103.044,5067.207,5067.870,5067.096,92.870,98.330,95.426
0.740,5069.467,5070.350,5069.133,101.586,105.383,101.827,5074.282,5072.358,5072.660,102.976,104.314,93.448,5069.383,5070.100,5069.270,94.462,100.319,96.834
0.760,5071.360,5072.363,5071.150,100.870,105.095,101.652,5076.945,5073.411,5074.776,106.015,99.204,94.719,5071.366,5072.094,5071.322,94.481,100.486,96.958
0.780,5073.276,5074.282,5073.153,100.341,104.483,101.446,5080.573,5074.963,5075.572,113.236,97.988,89.219,5073.690,5074.135,5073.433,96.028,101.030,97.717
0.800,5075.289,5076.299,5075.180,100.340,104.355,101.478,5083.903,5077.423,5075.645,118.340,100.768,81.148,5075.844,5076.239,5075.325,96.027,101.143,97.224
0.820,5077.287,5078.225,5077.112,100.250,103.832,101.140,5085.957,5078.832,5078.250,115.794,97.348,86.250,5077.584,5078.053,5077.137,94.532,99.782,95.887
0.840,5079.347,5080.155,5079.048,100.456,103.373,100.893,5087.712,5082.371,5079.109,114.888,105.563,81.116,5079.928,5080.251,5079.156,95.792,100.294,96.315
0.860,5081.504,5082.227,5081.159,101.147,103.590,101.374,5089.211,5086.888,5079.553,113.338,117.753,74.125,5081.940,5082.455,5081.090,95.023,99.944,95.500
0.880,5083.590,5084.353,5083.228,101.481,103.994,101.679,5089.394,5089.223,5082.813,102.613,114.844,83.885,5083.808,5084.556,5083.124,93.723,99.473,94.905
0.900,5085.594,5086.399,5085.268,101.431,104.032,101.770,5092.344,5091.451,5084.001,107.219,115.651,80.756,5085.773,5086.566,5085.082,93.057,99.284,94.490
0.920,5087.651,5088.489,5087.318,101.619,104.260,101.954,5093.609,5093.422,5086.671,102.104,112.222,86.720,5087.563,5088.465,5087.037,92.012,98.216,93.753
0.940,5089.675,5090.464,5089.270,101.546,103.929,101.681,5093.776,5094.942,5090.340,92.856,106.994,96.504,5089.697,5090.599,5089.212,93.419,99.351,95.214
0.960,5091.710,5092.393,5091.259,101.551,103.463,101.526,5093.951,5096.506,5094.129,84.448,102.919,105.562,5091.739,5092.626,5091.374,94.206,99.656,96.074
0.980,5093.813,5094.512,5093.343,101.976,103.878,101.907,5095.528,5097.359,5097.314,82.555,96.965,111.262,5093.932,5094.710,5093.666,96.079,100.346,97.687
1.000,5095.914,5096.554,5095.434,102.362,103.973,102.236,5097.854,5100.980,5097.984,87.120,106.018,102.715,5095.830,5096.714,5095.501,94.361,99.728,96.265
1.020,5097.987,5098.522,5097.439,102.451,103.663,102.134,5100.146,5105.019,5098.230,90.979,116.179,93.578,5097.863,5098.802,5097.379,93.813,99.470,95.562
1.040,5099.987,5100.469,5099.441,102.198,103.258,101.929,5102.440,5106.474,5100.446,92.382,110.195,95.766,5099.755,5100.591,5099.280,93.050,98.351,94.706
1.060,5101.929,5102.383,5101.361,101.655,102.684,101.406,5104.503,5110.049,5101.264,94.957,118.616,89.547,5101.916,5102.895,5101.380,94.384,100.129,95.975
1.080,5103.823,5104.241,5103.614,101.321,102.242,101.974,5106.698,5112.278,5103.013,96.221,116.947,89.542,5103.798,5104.759,5103.503,93.744,99.557,95.485
1.100,5105.424,5105.781,5106.382,100.431,101.397,104.291,5109.917,5113.747,5104.303,101.332,109.836,88.643,5105.427,5106.362,5105.866,91.679,98.983,93.779
1.120,5106.629,5107.141,5109.749,98.491,99.934,108.098,5111.219,5114.024,5108.003,97.510,100.473,96.582,5107.105,5108.081,5108.970,93.569,99.903,94.467
1.140,5108.601,5109.140,5111.915,98.595,100.137,108.438,5112.710,5114.996,5111.185,95.271,95.404,101.493,5109.220,5110.233,5111.195,94.863,100.584,95.706
1.160,5110.576,5111.143,5114.087,98.700,100.341,108.777,5115.858,5116.260,5112.656,100.319,91.411,99.563,5111.565,5112.522,5113.271,96.070,101.420,95.532
1.180,5112.552,5113.151,5116.266,98.805,100.545,109.115,5117.524,5118.479,5114.828,98.550,93.849,100.101,5113.822,5114.835,5115.445,96.924,102.120,95.644
1.200,5114.531,5115.163,5118.451,98.912,100.751,109.451,5119.776,5120.533,5116.608,99.991,94.838,98.900,5116.488,5117.356,5117.685,99.078,103.272,95.811
1.220,5116.511,5117.178,5120.644,99.019,100.958,109.787,5122.615,5120.857,5118.963,103.778,87.331,100.071,5119.663,5119.911,5119.916,102.675,104.362,96.466
1.240,5117.446,5118.088,5126.291,99.608,99.746,126.020,5124.831,5121.504,5121.768,104.530,82.256,102.799,5120.651,5120.992,5123.461,102.641,105.372,98.243
1.260,5118.570,5119.058,5130.625,99.248,97.144,140.022,5126.895,5124.484,5123.022,104.334,88.486,99.737,5122.781,5122.643,5125.837,101.265,101.012,99.158
1.280,5120.349,5120.838,5132.535,97.924,96.415,136.677,5127.411,5126.955,5125.990,96.033,92.246,104.037,5123.669,5123.832,5128.985,98.572,100.707,103.614
1.300,5122.356,5122.920,5133.836,96.938,96.710,129.324,5128.293,5130.382,5127.887,90.843,99.596,103.756,5125.659,5126.204,5130.947,99.559,104.596,100.572
1.320,5124.693,5125.291,5134.682,96.386,97.970,117.929,5130.938,5131.901,5129.866,94.702,97.025,103.038,5127.547,5127.854,5132.842,99.823,104.309,100.183
1.340,5126.954,5127.517,5135.702,96.233,98.731,110.584,5134.434,5133.089,5131.336,102.492,94.123,99.869,5129.878,5129.837,5134.372,101.598,103.721,99.200
1.360,5129.208,5129.795,5136.736,96.322,99.631,104.671,5135.308,5135.352,5133.962,96.986,96.070,102.487,5131.639,5131.846,5136.286,100.946,104.228,99.601
1.380,5131.381,5132.114,5137.771,96.394,100.637,99.754,5138.868,5136.833,5135.193,104.831,94.560,98.544,5134.137,5134.080,5137.557,102.917,103.945,97.055
1.400,5133.548,5134.486,5138.911,96.835,101.867,96.179,5140.202,5138.949,5137.538,100.414,95.102,100.755,5135.987,5136.158,5139.289,101.736,104.006,95.828
1.420,5135.805,5136.824,5140.039,98.061,103.151,93.418,5141.290,5139.734,5141.110,95.133,90.008,107.149,5138.107,5138.031,5141.810,101.169,102.961,98.628
1.440,5138.065,5139.210,5141.460,99.810,104.769,92.566,5143.507,5141.296,5143.331,96.839,89.187,107.137,5140.239,5140.099,5143.720,102.654,103.001,99.180
1.460,5140.310,5141.461,5142.991,101.536,105.912,92.382,5145.363,5143.234,5145.680,96.704,90.089,107.660,5142.321,5142.194,5145.579,104.302,103.801,99.837
1.480,5142.634,5143.710,5144.502,103.578,107.050,92.311,5148.493,5144.676,5147.304,102.148,89.017,105.078,5144.542,5144.121,5146.809,105.489,103.197,97.135
1.500,5144.944,5145.890,5146.071,105.332,107.799,92.364,5152.287,5146.505,5148.324,110.662,89.730,100.119,5147.105,5146.186,5147.983,106.945,102.682,94.186
1.520,5147.252,5148.026,5147.802,106.935,108.308,92.947,5155.025,5149.978,5148.776,114.067,97.018,93.655,5149.259,5148.507,5148.999,106.561,103.833,90.599
1.540,5149.553,5150.135,5149.554,108.321,108.619,93.466,5156.780,5151.085,5151.406,109.167,92.939,98.185,5150.629,5150.129,5150.433,104.181,102.712,89.288
1.560,5151.890,5152.262,5151.375,109.799,108.989,94.227,5158.185,5154.389,5152.924,106.345,98.798,96.412,5152.700,5152.417,5152.057,103.680,104.230,88.362
1.580,5154.300,5154.442,5153.391,111.689,109.658,95.808,5160.946,5156.486,5154.337,111.260,100.442,92.842,5155.282,5154.648,5154.014,105.081,104.776,88.584
1.600,5156.685,5156.608,5155.309,113.136,110.086,96.746,5163.347,5157.593,5156.710,110.865,96.244,95.515,5157.173,5156.496,5155.674,104.431,104.162,88.037
1.620,5158.957,5158.677,5157.251,113.809,109.992,97.399,5165.504,5158.619,5159.210,109.334,92.152,98.506,5159.397,5158.453,5157.584,104.428,103.637,88.077
1.640,5161.160,5160.769,5159.182,113.988,109.904,97.786,5166.533,5159.984,5162.402,102.695,89.989,104.034,5161.606,5160.590,5159.779,105.669,104.719,90.326
1.660,5163.267,5162.847,5161.071,113.419,109.605,97.633,5169.191,5163.010,5163.260,107.114,95.676,98.289,5163.882,5162.812,5161.709,105.559,105.342,90.107
1.680,5165.275,5164.957,5163.019,112.289,109.383,97.428,5171.384,5165.530,5164.874,108.423,98.964,96.103,5166.326,5165.104,5163.917,106.651,106.384,91.383
1.700,5167.407,5167.167,5165.075,112.235,109.773,98.147,5174.081,5167.652,5166.409,112.515,100.556,93.253,5168.714,5167.331,5165.957,108.074,107.144,92.568
1.720,5169.476,5169.257,5167.109,111.622,109.576,98.368,5174.210,5169.623,5169.800,99.983,98.848,101.519,5170.426,5169.452,5168.073,106.555,107.660,93.207
1.740,5171.460,5171.240,5169.086,110.341,108.853,97.927,5176.575,5172.587,5171.067,104.561,105.698,96.325,5172.748,5171.694,5170.157,108.169,108.969,95.177
1.760,5173.374,5173.200,5171.120,108.967,108.149,97.678,5179.819,5174.763,5171.939,110.483,106.271,91.674,5174.855,5173.703,5171.938,105.813,108.310,92.890
1.780,5175.181,5175.180,5173.096,107.115,107.515,97.031,5182.915,5176.253,5173.495,114.831,103.906,90.076,5176.991,5175.623,5173.961,105.881,108.000,93.280
1.800,5177.105,5177.170,5175.073,106.140,107.071,96.825,5185.340,5177.061,5175.927,113.946,97.741,93.380,5179.267,5177.463,5176.134,106.695,106.915,93.775
1.820,5179.108,5179.293,5177.204,106.005,107.325,97.705,5187.601,5179.419,5177.616,114.717,100.237,91.974,5181.600,5179.609,5178.271,107.164,106.825,93.815
1.840,5180.999,5181.394,5179.269,105.227,107.419,98.022,5188.601,5180.913,5180.641,107.165,96.811,98.065,5183.672,5181.716,5180.640,106.988,107.404,95.078
1.860,5182.811,5183.483,5181.211,103.927,107.380,97.630,5189.367,5181.646,5184.374,98.442,90.063,106.784,5185.726,5183.787,5183.204,107.784,108.336,98.277
1.880,5184.703,5185.498,5183.198,103.255,107.151,97.647,5189.841,5183.566,5187.570,90.706,89.943,111.767,5187.795,5185.925,5185.640,107.307,109.301,99.879
1.900,5186.579,5187.480,5185.179,102.609,106.837,97.654,5191.032,5186.447,5189.621,87.864,95.814,110.719,5189.864,5188.037,5187.830,106.630,109.389,99.939
1.920,5188.482,5189.453,5187.264,102.375,106.604,98.266,5191.810,5189.060,5192.173,83.156,98.986,112.113,5191.720,5190.349,5190.109,104.059,111.075,99.949
1.940,5190.582,5191.560,5189.492,103.285,106.942,100.010,5192.088,5190.780,5195.709,76.479,97.920,117.446,5193.459,5192.508,5192.590,102.647,111.133,100.703
1.960,5192.615,5193.667,5191.779,104.103,107.349,102.077,5194.389,5193.810,5196.989,80.526,103.341,112.948,5195.276,5194.746,5194.549,101.357,111.225,100.325
1.980,5194.634,5195.737,5194.016,104.689,107.542,103.722,5196.104,5195.113,5199.694,80.542,100.081,114.581,5197.134,5196.535,5197.018,101.584,110.223,102.252
2.000,5196.615,5197.764,5196.172,104.801,107.475,104.613,5198.244,5198.073,5201.208,83.392,104.972,111.482,5198.920,5198.768,5198.926,100.229,110.126,101.190
2.020,5198.500,5199.783,5198.220,104.130,107.263,104.503,5200.810,5199.966,5203.001,87.529,105.073,109.547,5200.944,5200.559,5200.997,100.728,108.964,101.064
2.040,5200.456,5201.745,5200.279,103.837,106.869,104.542,5203.208,5201.500,5204.994,90.532,103.184,108.546,5203.025,5202.239,5203.140,101.527,107.372,101.182
2.060,5202.440,5203.669,5202.232,103.364,106.254,103.846,5205.676,5203.098,5207.064,94.202,101.936,107.629,5205.228,5203.999,5205.307,102.188,106.521,101.630
2.080,5204.439,5205.632,5204.161,102.909,105.761,103.059,5207.967,5205.759,5208.481,97.689,106.234,103.880,5207.298,5206.237,5207.090,100.983,107.511,100.745
2.100,5206.429,5207.607,5206.051,102.374,105.294,102.085,5207.855,5208.457,5211.666,85.949,106.672,109.822,5208.345,5208.535,5209.397,99.170,107.709,101.421
2.120,5208.453,5209.553,5207.843,101.860,104.650,100.682,5208.051,5210.988,5214.637,77.886,107.336,113.674,5209.772,5210.801,5211.600,98.265,108.057,102.310
2.140,5210.544,5211.653,5209.756,101.898,104.665,100.333,5211.304,5213.808,5215.567,88.106,113.569,106.813,5211.919,5213.089,5213.359,96.765,109.094,101.130
2.160,5212.556,5213.758,5211.647,101.619,104.708,99.840,5214.113,5216.777,5216.533,94.794,119.357,101.079,5213.968,5215.406,5215.060,96.084,109.678,100.317
2.180,5214.592,5215.775,5213.525,101.511,104.449,99.346,5215.679,5219.520,5218.271,94.107,122.550,99.365,5215.722,5217.687,5216.939,95.336,109.981,100.067
2.200,5216.619,5217.779,5215.491,101.539,104.254,99.322,5218.562,5221.105,5219.807,98.514,118.644,97.800,5217.930,5219.439,5218.804,96.044,108.466,99.299
2.220,5218.632,5219.777,5217.435,101.494,104.039,99.194,5220.997,5224.717,5220.401,104.760,129.990,88.601,5219.919,5221.835,5220.399,95.921,108.939,98.537
2.240,5220.588,5221.809,5219.287,101.130,103.899,98.651,5222.469,5226.228,5223.034,99.597,121.887,94.526,5221.703,5223.820,5222.451,95.519,108.548,98.410
2.260,5222.566,5223.751,5221.191,100.992,103.530,98.373,5225.221,5227.312,5224.841,102.430,114.848,95.125,5223.955,5225.416,5224.279,96.947,106.307,97.611
2.280,5224.536,5225.690,5223.156,100.914,103.229,98.378,5228.649,5229.738,5225.408,114.527,119.767,84.993,5226.292,5227.406,5225.956,97.733,105.666,96.711
2.300,5226.448,5227.656,5225.143,100.657,103.068,98.447,5231.210,5232.684,5226.212,118.545,124.301,79.217,5228.226,5229.553,5227.515,97.296,105.519,95.378
2.320,5228.429,5229.585,5227.189,100.740,102.829,98.817,5233.390,5234.427,5228.248,118.054,120.704,80.970,5230.266,5231.449,5229.472,97.613,104.643,94.861
2.340,5230.415,5231.532,5229.204,100.789,102.636,99.058,5236.443,5236.567,5229.282,123.522,120.433,77.093,5232.461,5233.377,5231.140,98.059,103.789,93.794
2.360,5232.381,5233.468,5231.230,100.781,102.438,99.314,5237.386,5237.485,5232.652,113.200,112.108,87.179,5234.202,5234.990,5233.361,98.237,102.352,93.939
2.380,5234.483,5235.457,5233.357,101.398,102.464,100.251,5238.310,5240.472,5234.776,106.099,115.032,89.465,5235.823,5237.190,5235.292,96.835,102.874,93.412
2.400,5236.540,5237.433,5235.476,101.825,102.462,101.072,5239.228,5240.931,5238.578,97.917,105.985,99.425,5237.754,5238.850,5237.589,96.970,102.082,94.250
2.420,5238.590,5239.357,5237.575,102.170,102.292,101.706,5241.008,5240.916,5242.246,95.267,96.395,107.078,5239.927,5240.375,5239.910,97.933,101.025,95.498
2.440,5240.661,5241.275,5239.631,102.458,102.071,102.074,5243.629,5242.171,5244.248,100.945,93.898,105.234,5242.215,5242.199,5242.017,98.884,100.041,95.656
2.460,5242.727,5243.173,5241.700,102.720,101.813,102.455,5245.267,5243.393,5247.169,97.680,90.835,109.269,5244.136,5243.910,5244.117,98.626,99.867,96.186
2.480,5244.776,5245.110,5243.809,102.977,101.719,103.040,5245.474,5245.695,5250.355,86.822,92.507,114.763,5245.710,5245.940,5246.298,97.335,100.672,96.751
2.500,5246.840,5247.035,5245.934,103.298,101.606,103.707,5246.215,5248.305,5252.953,79.077,96.129,117.012,5247.546,5247.993,5248.359,96.946,100.822,96.948
2.520,5248.807,5249.002,5248.011,103.074,101.549,103.819,5247.077,5250.497,5255.730,74.122,97.469,119.194,5249.399,5250.030,5250.500,96.612,100.932,97.154
2.540,5250.779,5250.927,5250.060,102.813,101.351,103.737,5251.198,5251.684,5256.799,91.284,93.892,112.209,5251.531,5251.807,5252.571,96.721,100.809,97.431
2.560,5252.735,5252.859,5252.179,102.680,101.250,104.100,5252.066,5253.798,5259.536,84.425,95.361,114.822,5253.408,5253.790,5254.745,96.414,100.952,97.710
2.580,5254.629,5254.845,5254.178,102.023,101.201,103.594,5253.220,5255.139,5262.717,81.486,93.022,118.172,5255.298,5255.724,5257.044,96.048,101.282,98.182
2.600,5256.593,5256.811,5256.234,101.807,101.155,103.609,5255.778,5257.055,5264.527,86.690,92.980,115.732,5257.326,5257.695,5259.137,95.903,101.319,98.418
2.620,5258.596,5258.782,5258.175,101.506,101.025,103.002,5257.639,5260.222,5265.791,87.726,98.696,111.730,5259.259,5259.837,5260.949,95.652,101.282,97.941
2.640,5260.666,5260.831,5260.218,101.651,101.198,103.160,5259.397,5262.197,5268.024,87.950,98.869,111.577,5261.243,5261.729,5262.648,95.391,100.809,97.170
2.660,5262.669,5262.849,5262.229,101.495,101.262,103.017,5261.878,5264.509,5269.685,93.652,100.953,108.250,5263.246,5263.792,5264.706,95.310,100.658,97.119
2.680,5264.685,5264.836,5264.190,101.330,101.190,102.634,5264.682,5266.115,5271.555,99.733,99.965,106.154,5265.329,5265.732,5266.829,95.834,99.991,97.297
2.700,5266.660,5266.816,5266.159,101.062,101.124,102.290,5265.887,5267.115,5274.749,92.972,95.329,111.403,5267.314,5267.579,5269.057,95.071,100.653,97.964
2.720,5268.628,5268.809,5268.170,100.862,101.135,102.198,5268.258,5270.165,5275.858,97.708,100.430,106.481,5269.260,5269.674,5270.990,95.152,100.456,97.783
2.740,5270.590,5270.816,5270.138,100.585,101.166,101.914,5271.758,5273.582,5276.140,108.444,107.011,98.227,5271.312,5271.830,5272.766,95.598,100.419,97.595
2.760,5272.570,5272.786,5272.061,100.374,101.046,101.475,5275.246,5276.643,5276.499,117.025,111.534,91.462,5273.422,5273.915,5274.485,96.317,100.355,97.593
2.780,5274.506,5274.737,5274.051,100.132,100.942,101.336,5276.783,5279.383,5278.200,113.984,113.381,91.219,5275.311,5276.042,5276.446,96.213,100.532,97.583
2.800,5276.392,5276.734,5276.048,99.711,101.025,101.222,5279.845,5281.234,5279.557,118.237,112.787,88.834,5277.452,5277.982,5278.394,96.834,100.176,97.648
2.820,5278.239,5278.760,5278.043,99.148,101.226,101.090,5282.646,5282.704,5281.256,120.123,110.596,88.287,5279.563,5279.843,5280.383,97.215,99.766,97.622
2.840,5280.130,5280.796,5280.019,98.754,101.416,100.958,5286.678,5285.072,5281.578,128.452,112.356,82.412,5281.737,5281.764,5282.052,97.994,99.424,97.409
2.860,5282.084,5282.783,5282.032,98.713,101.414,101.057,5289.595,5286.777,5282.922,130.907,111.195,80.471,5283.938,5283.610,5283.921,98.573,98.645,96.837
2.880,5284.101,5284.890,5284.207,99.024,101.862,102.012,5292.359,5289.685,5283.639,132.862,113.993,77.028,5285.878,5285.711,5285.665,98.290,98.869,96.346
2.900,5286.073,5287.014,5286.365,99.144,102.367,102.837,5294.957,5292.545,5284.329,134.512,116.485,73.290,5287.787,5287.852,5287.373,97.883,99.163,95.675
2.920,5287.988,5289.131,5288.471,98.943,102.808,103.247,5296.321,5294.080,5287.123,126.468,112.975,80.035,5289.688,5289.854,5289.482,97.069,99.354,95.438
2.940,5289.858,5291.234,5290.527,98.458,103.163,103.247,5296.458,5295.453,5290.930,112.390,108.295,91.654,5291.460,5291.985,5291.699,95.614,100.342,95.524
2.960,5291.810,5293.254,5292.587,98.412,103.184,103.370,5296.678,5296.705,5294.730,100.535,103.840,101.696,5293.247,5294.074,5294.078,95.247,101.437,97.105
2.980,5293.764,5295.253,5294.629,98.355,103.113,103.372,5298.926,5299.999,5295.327,104.151,108.734,95.328,5295.010,5296.356,5295.667,93.879,101.986,95.407
3.000,5295.791,5297.210,5296.697,98.678,102.886,103.611,5300.062,5302.854,5297.102,100.580,110.900,95.318,5296.762,5298.696,5297.566,93.156,102.852,95.268
3.020,5297.816,5299.186,5298.703,98.829,102.683,103.485,5302.069,5306.200,5297.878,102.070,115.395,90.632,5298.547,5301.158,5299.233,92.173,103.897,94.326
3.040,5299.860,5301.109,5300.701,99.068,102.293,103.303,5304.428,5307.778,5299.804,103.593,112.490,91.450,5300.560,5302.812,5301.147,92.642,102.904,94.270
3.060,5301.818,5303.072,5302.670,98.886,102.079,102.883,5306.335,5309.577,5302.015,102.779,110.759,93.047,5302.595,5304.736,5303.136,93.274,102.456,94.612
3.080,5303.834,5305.003,5304.601,98.924,101.711,102.389,5306.927,5310.677,5305.762,95.177,106.409,100.494,5304.591,5306.727,5305.655,94.680,102.845,96.964
3.100,5305.876,5306.899,5306.555,99.130,101.254,102.062,5307.179,5312.446,5309.303,87.094,104.500,106.552,5306.370,5308.777,5308.104,95.193,103.201,98.800
3.120,5307.922,5308.850,5308.438,99.227,100.951,101.497,5307.798,5314.965,5311.757,81.476,105.925,108.004,5308.160,5310.984,5310.192,95.421,103.538,99.605
3.140,5309.979,5310.915,5310.482,99.521,101.151,101.830,5307.671,5316.952,5315.264,71.387,104.250,113.774,5309.850,5313.221,5312.553,94.756,104.039,100.327
3.160,5311.963,5312.994,5312.446,99.428,101.364,101.700,5309.657,5317.729,5318.355,72.869,98.808,117.002,5311.904,5315.045,5314.770,94.582,103.496,100.076
3.180,5313.940,5315.038,5314.357,99.271,101.421,101.312,5312.669,5320.814,5319.025,83.897,105.459,108.978,5313.874,5317.160,5316.451,94.479,103.665,99.470
3.200,5315.966,5317.025,5316.254,99.323,101.272,100.926,5314.540,5321.944,5321.760,83.366,100.719,111.609,5315.956,5319.172,5318.677,95.187,102.839,99.522
3.220,5317.969,5319.000,5318.185,99.346,101.138,100.691,5316.839,5322.240,5324.813,84.990,93.740,114.924,5318.099,5320.764,5320.868,95.073,102.498,99.638
3.240,5319.940,5321.032,5320.112,99.233,101.199,100.473,5319.966,5324.419,5326.197,92.859,96.050,110.746,5320.225,5322.776,5322.783,94.960,102.972,99.677
3.260,5321.920,5323.048,5322.086,99.222,101.241,100.469,5323.018,5327.883,5326.635,100.349,103.972,103.287,5322.245,5324.907,5324.384,94.818,103.113,98.986
3.280,5323.932,5325.077,5324.068,99.332,101.319,100.554,5324.031,5329.676,5329.365,94.606,102.744,106.234,5324.115,5326.842,5326.414,94.432,103.264,99.076
3.300,5325.963,5327.114,5326.049,99.499,101.408,100.667,5324.775,5330.814,5332.725,88.604,98.067,111.016,5325.947,5328.805,5328.717,94.199,103.249,99.437
3.320,5327.979,5329.127,5328.052,99.630,101.444,100.817,5325.979,5332.267,5335.662,84.918,94.916,114.064,5327.818,5330.850,5331.032,94.000,102.893,99.386
3.340,5329.937,5331.158,5330.059,99.536,101.548,100.895,5328.394,5334.563,5337.361,88.580,97.197,111.575,5329.824,5332.774,5332.857,93.978,103.023,99.314
3.360,5331.903,5333.162,5332.140,99.590,101.617,101.303,5330.038,5335.596,5340.217,86.904,91.792,114.327,5331.774,5334.807,5335.383,94.412,102.148,99.559
3.380,5333.959,5335.290,5334.326,100.164,102.140,102.532,5331.764,5337.348,5342.538,86.291,90.428,114.802,5333.848,5336.689,5337.226,95.360,100.070,98.274
3.400,5336.067,5337.349,5336.516,100.984,102.431,103.832,5336.059,5340.252,5342.802,99.030,97.710,106.294,5335.990,5338.442,5338.690,93.677,101.827,98.120
3.420,5338.201,5339.364,5338.635,101.701,102.502,104.646,5339.582,5341.689,5344.254,105.719,95.396,103.668,5338.345,5340.316,5340.721,94.535,101.640,98.799
3.440,5340.262,5341.340,5340.755,102.024,102.441,105.137,5343.091,5343.817,5345.193,112.208,96.721,99.415,5340.605,5342.225,5342.639,95.132,101.415,98.924
3.460,5342.219,5343.326,5342.787,101.637,102.316,104.767,5344.628,5346.660,5346.997,108.920,102.158,99.389,5342.426,5344.218,5344.466,94.398,101.129,97.689
3.480,5344.216,5345.281,5344.687,101.156,101.982,103.715,5347.833,5347.834,5348.516,114.522,96.673,96.824,5344.792,5346.206,5346.583,95.810,101.567,99.098
3.500,5346.157,5347.276,5346.547,100.473,101.775,102.533,5349.791,5350.721,5349.996,112.673,102.065,96.276,5346.714,5348.241,5348.320,95.559,101.523,98.261
3.520,5348.170,5349.246,5348.436,100.253,101.539,101.809,5351.943,5350.252,5353.049,112.838,90.221,98.615,5349.047,5350.033,5350.631,96.702,101.343,99.443
3.540,5350.226,5351.196,5350.335,100.275,101.270,101.307,5354.160,5353.174,5354.313,112.600,95.237,96.902,5351.094,5352.033,5352.393,96.720,101.032,98.652
3.560,5352.285,5353.116,5352.209,100.306,100.919,100.741,5355.211,5356.501,5356.348,106.290,102.349,98.838,5352.973,5354.063,5354.257,96.278,100.966,97.847
3.580,5354.298,5355.039,5354.113,100.244,100.642,100.328,5356.212,5358.616,5358.949,100.409,103.833,101.619,5354.873,5355.960,5356.308,96.030,100.948,97.636
3.600,5356.298,5356.986,5356.007,100.144,100.455,99.929,5356.942,5361.125,5361.483,93.957,106.372,104.301,5356.679,5357.963,5358.322,95.613,101.011,97.288
3.620,5358.281,5358.938,5357.944,100.062,100.332,99.751,5359.563,5364.084,5362.272,97.684,108.732,100.136,5358.692,5360.011,5360.070,96.012,101.109,97.195
3.640,5360.369,5360.988,5360.016,100.475,100.572,100.360,5360.967,5366.563,5364.271,94.909,109.932,100.569,5360.650,5362.107,5362.077,95.797,101.191,96.974
3.660,5362.393,5363.069,5362.038,100.575,100.870,100.658,5362.349,5368.936,5366.433,92.216,110.490,101.384,5362.563,5364.227,5364.069,95.501,101.328,96.741
3.680,5364.382,5365.170,5364.099,100.589,101.256,101.077,5364.955,5369.227,5368.830,95.843,103.563,101.524,5364.745,5366.093,5366.228,95.715,101.074,97.039
3.700,5366.428,5367.224,5366.141,100.795,101.452,101.438,5366.784,5369.821,5371.833,95.123,98.070,104.089,5366.853,5367.930,5368.436,95.778,100.415,96.959
3.720,5368.408,5369.293,5368.119,100.619,101.653,101.360,5368.851,5372.976,5372.951,96.045,102.650,101.367,5368.747,5370.137,5370.179,95.331,101.118,96.659
3.740,5370.380,5371.335,5370.060,100.371,101.736,101.071,5370.374,5376.142,5374.623,94.477,106.912,100.635,5370.587,5372.362,5372.011,94.836,101.708,96.380
3.760,5372.395,5373.322,5372.051,100.412,101.669,101.076,5370.905,5377.929,5377.795,88.411,105.028,104.554,5372.437,5374.356,5374.145,94.654,101.127,95.989
3.780,5374.437,5375.267,5374.071,100.606,101.493,101.226,5372.673,5378.649,5380.532,87.552,99.160,106.400,5374.515,5376.126,5376.290,95.086,100.103,95.870
3.800,5376.469,5377.234,5376.129,100.804,101.422,101.547,5376.067,5380.985,5381.284,95.103,102.171,101.514,5376.629,5378.104,5378.084,94.911,100.774,95.978
3.820,5378.446,5379.237,5378.252,100.874,101.535,102.115,5378.552,5383.276,5382.624,97.989,103.500,98.955,5378.639,5380.172,5380.058,94.722,101.405,96.555
3.840,5380.363,5381.257,5380.330,100.601,101.667,102.308,5381.586,5384.890,5384.023,103.458,101.495,95.712,5380.785,5382.154,5382.118,95.622,100.579,96.437
3.860,5382.320,5383.214,5382.384,100.487,101.568,102.406,5382.690,5387.466,5386.258,98.630,103.768,97.773,5382.536,5384.259,5384.082,94.272,102.113,96.998
3.880,5384.381,5385.257,5384.522,100.909,101.775,103.195,5383.426,5389.167,5389.464,91.679,102.357,103.250,5384.414,5386.308,5386.386,94.143,102.203,97.569
3.900,5386.404,5387.274,5386.620,101.076,101.866,103.616,5385.302,5390.832,5391.641,91.751,100.208,103.405,5386.374,5388.266,5388.460,94.159,101.885,97.492
3.920,5388.415,5389.283,5388.708,101.150,101.916,103.904,5388.417,5393.365,5392.497,98.126,102.097,98.417,5388.479,5390.273,5390.262,94.401,101.742,97.304
3.940,5390.413,5391.284,5390.782,101.127,101.925,104.045,5390.736,5395.612,5394.042,100.095,102.449,96.402,5390.518,5392.300,5392.217,94.533,101.798,97.493
3.960,5392.416,5393.223,5392.811,101.054,101.699,103.880,5393.488,5399.092,5394.609,104.111,107.960,91.590,5392.505,5394.448,5393.831,94.384,101.373,96.250
3.980,5394.338,5395.202,5394.732,100.462,101.547,103.038,5395.319,5400.912,5396.851,102.399,106.950,93.443,5394.452,5396.399,5395.772,94.287,101.095,95.850
4.000,5396.265,5397.172,5396.675,100.024,101.407,102.451,5397.696,5402.481,5398.545,104.067,104.509,92.240,5396.536,5398.311,5397.701,94.754,100.831,96.057
4.020,5398.198,5399.144,5398.574,99.608,101.259,101.762,5400.510,5403.218,5400.516,107.124,99.186,91.629,5398.786,5400.057,5399.694,95.463,100.408,96.324
4.040,5400.150,5401.122,5400.527,99.402,101.172,101.456,5401.978,5405.662,5402.690,103.883,101.427,93.677,5400.593,5402.057,5401.562,94.869,100.124,95.425
4.060,5402.161,5403.073,5402.465,99.434,100.974,101.183,5404.118,5407.003,5405.041,103.870,99.127,95.019,5402.675,5403.892,5403.600,95.019,100.124,95.535
4.080,5404.183,5404.981,5404.413,99.553,100.657,100.979,5406.892,5408.782,5406.400,107.204,97.642,92.265,5404.862,5405.822,5405.498,95.255,100.011,95.413
4.100,5406.174,5406.907,5406.310,99.492,100.399,100.549,5408.109,5410.494,5409.416,102.695,97.600,96.814,5406.702,5407.694,5407.563,94.725,100.365,95.159
4.120,5408.115,5408.892,5408.187,99.229,100.356,100.074,5409.126,5412.580,5412.341,98.061,98.616,100.724,5408.469,5409.699,5409.606,94.233,100.482,94.773
4.140,5410.067,5410.881,5410.058,99.026,100.324,99.650,5410.438,5414.328,5415.265,95.021,97.955,103.957,5410.356,5411.672,5411.710,94.019,100.356,94.690
4.160,5412.033,5412.874,5412.001,98.971,100.345,99.576,5412.804,5416.827,5416.622,97.065,100.788,101.409,5412.271,5413.678,5413.373,93.030,100.194,93.180
4.180,5414.049,5414.829,5413.995,99.163,100.262,99.746,5415.882,5418.544,5417.734,101.629,99.380,97.940,5414.465,5415.593,5415.296,93.567,99.981,93.371
4.200,5416.112,5416.773,5416.044,99.579,100.168,100.197,5418.268,5421.052,5418.987,103.348,101.544,95.362,5416.522,5417.643,5417.167,93.628,99.828,93.115
4.220,5418.205,5418.710,5418.131,100.136,100.086,100.849,5420.584,5423.997,5419.967,104.430,105.294,92.603,5418.475,5419.696,5418.870,93.429,99.422,92.166
4.240,5420.259,5420.674,5420.151,100.407,100.055,101.113,5421.984,5426.567,5422.057,101.222,107.261,93.787,5420.371,5421.773,5420.814,93.214,99.581,92.308
4.260,5422.394,5422.745,5422.220,101.043,100.373,101.858,5425.242,5428.689,5422.857,106.870,107.140,89.478,5422.612,5423.796,5422.638,93.987,99.234,92.308
4.280,5424.444,5424.846,5424.231,101.192,100.732,102.103,5427.993,5431.674,5423.533,112.305,110.924,83.326,5424.776,5426.274,5424.442,94.549,99.329,91.952
4.300,5426.471,5426.927,5426.204,101.153,100.984,102.037,5430.576,5433.673,5424.942,114.420,110.035,81.656,5426.915,5428.385,5426.271,95.049,98.861,91.547
4.320,5428.501,5429.013,5428.116,101.001,101.189,101.651,5433.316,5434.796,5426.738,115.672,105.871,82.373,5429.152,5430.131,5428.195,95.982,98.377,92.082
4.340,5430.476,5431.107,5430.145,100.864,101.519,101.811,5436.230,5436.727,5427.994,118.886,105.177,80.152,5431.332,5432.127,5430.065,96.656,97.687,91.828
4.360,5432.433,5433.166,5432.108,100.532,101.677,101.537,5439.897,5438.083,5428.957,124.758,102.510,76.974,5433.673,5433.877,5431.882,98.154,96.069,91.478
4.380,5434.376,5435.191,5434.082,100.194,101.734,101.290,5441.564,5440.125,5430.958,121.004,102.570,79.206,5435.611,5435.862,5433.805,98.005,96.270,91.535
4.400,5436.369,5437.172,5436.034,100.076,101.626,101.037,5444.382,5441.969,5432.246,123.252,101.724,77.539,5437.842,5437.763,5435.611,98.858,95.391,91.025
4.420,5438.348,5439.149,5438.017,99.972,101.540,100.934,5445.918,5442.946,5435.153,118.835,98.158,82.474,5439.913,5439.658,5437.762,98.359,96.474,91.891
4.440,5440.295,5441.183,5439.984,99.717,101.641,100.776,5447.197,5444.112,5438.283,113.629,95.634,87.938,5441.837,5441.634,5440.014,97.459,97.977,92.850
4.460,5442.215,5443.245,5441.993,99.425,101.871,100.812,5449.092,5445.784,5440.534,111.662,95.190,90.033,5443.733,5443.585,5442.056,96.988,98.389,93.082
4.480,5444.135,5445.267,5444.002,99.174,101.965,100.827,5449.745,5447.103,5444.230,104.380,93.970,97.075,5445.566,5445.624,5444.482,96.162,99.972,94.172
4.500,5446.101,5447.222,5446.016,99.173,101.816,100.899,5449.584,5449.199,5448.079,94.359,95.977,104.851,5447.217,5447.676,5446.840,95.795,100.442,94.846
4.520,5448.071,5449.186,5447.989,99.123,101.677,100.797,5450.425,5452.039,5450.594,89.579,99.524,107.009,5449.009,5449.833,5448.898,95.687,100.953,95.380
4.540,5450.094,5451.130,5449.888,99.195,101.398,100.433,5453.368,5453.772,5451.961,94.708,98.121,103.630,5451.202,5451.757,5450.754,95.913,101.071,95.439
4.560,5452.157,5453.052,5451.864,99.534,101.105,100.483,5455.776,5455.632,5453.852,96.899,97.603,102.695,5453.320,5453.708,5452.718,96.194,100.699,95.338
4.580,5454.242,5454.961,5453.890,100.001,100.820,100.775,5456.661,5458.692,5456.009,92.239,101.569,103.540,5455.198,5455.840,5454.752,96.270,101.154,95.954
4.600,5456.275,5456.961,5455.909,100.188,100.851,101.000,5457.996,5461.476,5457.867,89.750,104.575,102.995,5457.023,5458.034,5456.684,95.555,101.748,95.761
4.620,5458.305,5458.963,5458.033,100.526,100.974,101.744,5458.651,5463.885,5460.765,85.271,105.368,105.929,5458.892,5460.152,5458.986,96.063,102.229,97.444
4.640,5460.265,5460.995,5460.131,100.517,101.179,102.212,5459.355,5466.325,5463.387,80.677,105.498,107.744,5460.658,5462.405,5461.052,94.835,103.303,97.523
4.660,5462.221,5463.006,5462.211,100.452,101.297,102.526,5459.979,5468.688,5466.334,76.670,106.231,110.316,5462.338,5464.550,5463.417,95.133,103.598,98.906
4.680,5464.231,5464.984,5464.242,100.505,101.240,102.603,5463.224,5470.601,5467.418,83.539,106.499,106.507,5464.492,5466.498,5465.345,95.565,103.443,99.252
4.700,5466.193,5467.023,5466.164,100.125,101.302,102.031,5466.532,5472.707,5468.455,90.007,107.392,102.895,5466.614,5468.554,5467.146,95.709,102.985,98.435
4.720,5468.140,5469.108,5468.100,99.743,101.531,101.624,5469.213,5473.778,5470.726,93.586,103.540,103.087,5468.769,5470.438,5469.254,96.193,102.847,99.021
4.740,5470.115,5471.173,5470.108,99.639,101.736,101.658,5469.831,5475.879,5473.843,88.794,103.004,106.151,5470.564,5472.613,5471.581,95.739,103.919,100.324
4.760,5472.134,5473.304,5472.317,100.036,102.276,102.851,5471.992,5477.765,5475.948,90.412,102.223,105.903,5472.567,5474.678,5473.772,95.673,103.828,100.685
4.780,5474.131,5475.377,5474.466,100.241,102.564,103.584,5475.621,5478.634,5477.481,97.651,97.920,103.602,5474.807,5476.424,5475.752,96.222,102.439,100.007
4.800,5476.165,5477.383,5476.525,100.413,102.531,103.766,5476.674,5480.448,5480.371,94.160,97.407,106.002,5476.701,5478.438,5478.027,96.044,102.778,100.768
4.820,5478.172,5479.371,5478.568,100.426,102.433,103.761,5478.649,5481.717,5482.842,95.061,94.224,106.489,5478.764,5480.325,5480.231,96.474,102.521,101.266
4.840,5480.180,5481.368,5480.563,100.343,102.327,103.499,5481.560,5483.131,5484.638,99.147,92.244,105.066,5480.913,5482.148,5482.177,96.792,101.502,100.524
4.860,5482.143,5483.408,5482.518,100.006,102.351,103.011,5484.322,5483.955,5486.785,104.439,85.951,103.473,5483.236,5484.112,5484.390,97.442,100.934,100.766
4.880,5484.140,5485.371,5484.484,99.905,102.127,102.644,5487.967,5485.922,5487.536,111.480,85.260,98.843,5485.254,5485.881,5486.000,97.873,100.003,99.378
4.900,5486.157,5487.280,5486.455,99.943,101.743,102.342,5490.460,5486.954,5489.832,113.291,82.216,99.041,5487.435,5487.633,5488.108,98.492,99.034,99.300
4.920,5488.107,5489.238,5488.431,99.729,101.571,102.045,5492.155,5490.185,5491.418,109.935,88.917,99.076,5489.264,5489.721,5489.885,97.721,99.113,98.265
4.940,5490.070,5491.212,5490.308,99.456,101.387,101.379,5495.039,5491.707,5493.059,115.160,86.189,96.579,5491.534,5491.650,5491.843,98.366,98.132,97.709
4.960,5492.099,5493.162,5492.208,99.512,101.129,100.964,5497.167,5494.464,5494.415,113.522,90.257,95.736,5493.387,5493.613,5493.505,97.844,98.240,96.703
4.980,5494.120,5495.123,5494.169,99.617,100.974,100.858,5498.554,5497.210,5496.490,107.495,95.300,97.945,5495.240,5495.589,5495.345,97.158,98.308,95.969
5.000,5496.198,5497.077,5496.146,99.939,100.797,100.893,5499.395,5499.354,5499.406,100.178,98.041,102.166,5497.254,5497.551,5497.461,96.859,98.482,95.855
5.020,5498.228,5499.104,5498.121,100.039,100.872,100.912,5502.424,5501.290,5500.565,106.307,96.249,98.245,5499.323,5499.538,5499.283,96.818,98.104,95.159
5.040,5500.202,5501.160,5500.063,99.882,101.033,100.735,5504.855,5503.560,5501.968,108.945,96.469,95.794,5501.351,5501.650,5501.137,96.695,98.090,94.638
5.060,5502.215,5503.148,5502.044,99.954,100.995,100.745,5506.183,5505.159,5504.767,103.908,96.747,99.452,5503.300,5503.507,5503.210,96.323,98.245,94.674
5.080,5504.228,5505.145,5504.007,99.993,100.977,100.687,5507.413,5507.192,5507.427,99.255,98.308,102.288,5505.239,5505.484,5505.251,95.914,98.665,94.722
5.100,5506.190,5507.176,5506.006,99.881,101.102,100.739,5508.405,5510.013,5509.636,94.662,101.712,103.648,5507.055,5507.678,5507.212,95.227,99.381,94.632
5.120,5508.133,5509.239,5508.049,99.743,101.358,100.977,5511.272,5511.206,5511.506,100.120,97.338,101.850,5509.196,5509.615,5509.342,95.824,98.778,94.954
5.140,5510.154,5511.257,5510.077,99.899,101.425,101.221,5512.825,5512.760,5514.220,97.901,96.689,104.029,5511.168,5511.534,5511.487,95.553,99.179,95.314
5.160,5512.125,5513.311,5511.998,99.680,101.542,100.898,5515.488,5514.060,5516.210,102.184,92.777,102.773,5513.434,5513.496,5513.629,96.290,98.662,95.664
5.180,5514.049,5515.369,5513.953,99.356,101.710,100.693,5516.388,5516.283,5519.060,96.559,95.599,105.955,5515.110,5515.574,5515.665,95.206,99.741,95.751
5.200,5515.960,5517.446,5515.893,98.972,101.934,100.448,5517.320,5518.715,5521.640,91.639,98.945,107.982,5516.816,5517.733,5517.671,94.162,100.728,95.793
5.220,5517.855,5519.524,5517.875,98.610,102.193,100.395,5518.933,5519.987,5524.533,91.994,95.208,109.748,5518.758,5519.726,5519.974,93.963,101.122,96.497
5.240,5519.761,5521.622,5519.855,98.297,102.502,100.375,5519.167,5522.402,5527.807,85.353,98.145,113.555,5520.397,5521.947,5522.234,92.810,102.335,97.112
5.260,5521.746,5523.783,5521.926,98.398,103.009,100.920,5520.875,5524.361,5530.078,85.411,97.924,113.535,5522.249,5523.975,5523.957,92.251,102.292,96.256
5.280,5523.744,5525.875,5523.941,98.511,103.224,101.157,5524.188,5524.834,5531.888,93.099,89.692,111.373,5524.421,5525.869,5526.058,92.875,101.761,96.456
5.300,5525.749,5527.916,5525.915,98.612,103.229,101.155,5527.006,5527.342,5533.009,95.261,93.575,108.197,5526.474,5527.937,5527.920,93.117,101.548,95.977
5.320,5527.814,5529.885,5527.876,98.965,102.954,101.121,5527.596,5530.113,5535.805,89.718,98.360,110.364,5528.311,5530.030,5530.015,92.720,101.706,95.987
5.340,5529.868,5531.846,5529.820,99.220,102.659,100.965,5530.516,5531.287,5537.632,95.578,92.623,108.562,5530.576,5531.933,5532.210,93.445,100.975,95.985
5.360,5531.923,5533.802,5531.826,99.555,102.413,101.100,5533.639,5532.967,5538.861,99.496,91.904,105.804,5532.708,5533.792,5533.961,94.311,100.317,95.625
5.380,5533.980,5535.765,5533.819,99.845,102.194,101.165,5536.568,5535.722,5539.665,102.015,95.602,102.086,5534.837,5535.794,5535.732,94.601,100.019,95.026
5.400,5536.054,5537.747,5535.826,100.192,102.052,101.333,5540.209,5537.181,5540.648,109.222,91.956,98.191,5537.141,5537.679,5537.580,95.463,99.409,94.760
5.420,5538.183,5539.702,5537.848,100.752,101.836,101.623,5540.706,5540.503,5542.997,100.594,100.103,100.574,5538.974,5539.801,5539.587,94.903,99.660,94.511
5.440,5540.312,5541.610,5539.894,101.312,101.519,101.962,5541.954,5542.517,5545.669,96.123,101.586,103.474,5540.978,5541.749,5541.691,95.230,99.557,94.953
5.460,5542.394,5543.536,5541.889,101.536,101.242,101.925,5543.981,5543.590,5548.223,97.306,97.579,104.440,5543.097,5543.624,5543.867,95.484,99.150,95.020
5.480,5544.409,5545.519,5543.858,101.428,101.148,101.685,5545.656,5545.616,5550.569,95.929,98.178,105.357,5545.091,5545.646,5545.956,95.421,99.364,95.208
5.500,5546.468,5547.467,5545.824,101.496,100.951,101.503,5547.215,5548.800,5552.159,94.128,102.718,104.133,5547.007,5547.781,5547.845,94.934,99.738,94.729
5.520,5548.521,5549.432,5547.859,101.659,100.876,101.694,5548.811,5552.021,5553.711,92.647,106.955,102.815,5548.929,5549.945,5549.776,94.502,100.193,94.509
5.540,5550.571,5551.417,5549.882,101.773,100.859,101.823,5552.386,5553.407,5554.770,100.771,102.398,98.584,5551.180,5551.847,5551.675,95.131,99.860,94.479
5.560,5552.591,5553.396,5551.857,101.677,100.792,101.636,5554.166,5554.923,5557.421,98.939,101.467,101.145,5553.220,5553.797,5553.807,95.428,99.955,95.009
5.580,5554.584,5555.361,5553.856,101.543,100.715,101.539,5557.145,5556.764,5558.654,106.140,98.057,96.456,5555.373,5555.811,5555.826,95.303,99.754,94.477
5.600,5556.611,5557.289,5555.891,101.609,100.559,101.665,5559.712,5559.089,5559.691,110.785,97.282,91.858,5557.463,5557.899,5557.800,95.124,99.536,93.819
5.620,5558.573,5559.262,5557.934,101.440,100.559,101.754,5563.149,5560.889,5560.418,119.091,94.008,85.890,5559.470,5559.799,5559.514,95.292,99.604,93.634
5.640,5560.595,5561.217,5559.963,101.476,100.488,101.857,5566.979,5562.237,5561.071,128.839,89.039,79.547,5561.588,5561.664,5561.331,95.630,99.424,93.481
5.660,5562.610,5563.186,5562.029,101.540,100.488,102.133,5568.698,5563.306,5564.214,123.031,89.126,85.868,5563.769,5563.500,5563.614,96.138,98.904,94.016
5.680,5564.550,5565.180,5564.071,101.274,100.557,102.167,5569.064,5566.012,5567.282,111.689,95.272,92.783,5565.684,5565.547,5565.644,95.781,99.197,94.002
5.700,5566.480,5567.155,5566.105,100.984,100.570,102.145,5572.944,5567.222,5568.066,120.165,90.886,87.482,5567.822,5567.426,5567.601,96.154,98.762,93.950
5.720,5568.414,5569.124,5568.146,100.742,100.574,102.178,5575.025,5568.919,5570.275,119.133,90.694,88.810,5569.914,5569.333,5569.699,96.363,98.506,94.050
5.740,5570.314,5571.138,5570.128,100.269,100.682,101.895,5577.057,5571.934,5571.283,117.548,94.521,86.998,5571.723,5571.514,5571.409,95.738,99.099,93.505
5.760,5572.388,5573.189,5572.244,100.658,100.923,102.564,5577.621,5574.529,5574.251,110.032,98.203,91.754,5573.625,5573.626,5573.540,95.315,99.514,93.697
5.780,5574.394,5575.260,5574.353,100.752,101.237,103.070,5578.581,5577.602,5576.291,104.848,102.452,93.251,5575.408,5575.872,5575.483,94.434,100.301,93.513
5.800,5576.457,5577.289,5576.429,101.010,101.359,103.433,5580.181,5579.406,5578.859,102.545,102.370,95.686,5577.399,5577.819,5577.588,94.533,100.208,93.927
5.820,5578.507,5579.315,5578.529,101.247,101.484,103.868,5581.233,5581.689,5581.517,98.623,103.837,98.217,5579.307,5579.892,5579.714,94.119,100.326,93.975
5.840,5580.561,5581.280,5580.606,101.459,101.393,104.107,5582.421,5584.422,5583.564,94.361,107.160,99.349,5581.162,5581.982,5581.679,93.894,100.666,94.127
5.860,5582.570,5583.239,5582.655,101.404,101.279,104.057,5583.018,5587.332,5586.086,89.069,110.352,101.730,5582.938,5584.169,5583.733,93.276,101.067,94.099
5.880,5584.608,5585.187,5584.585,101.250,101.031,103.413,5585.056,5588.937,5588.312,90.891,107.928,101.802,5584.976,5586.073,5585.739,93.517,100.698,94.112
5.900,5586.617,5587.145,5586.552,101.091,100.868,103.004,5586.791,5591.441,5590.092,90.426,109.076,101.020,5586.916,5588.168,5587.670,93.410,100.872,94.063
5.920,5588.669,5589.093,5588.515,101.117,100.671,102.686,5590.246,5592.986,5590.936,97.900,105.365,96.238,5589.148,5590.043,5589.466,94.172,100.293,93.905
5.940,5590.704,5591.074,5590.467,101.065,100.587,102.351,5593.043,5595.184,5591.904,101.712,104.644,92.653,5591.270,5592.079,5591.238,94.602,100.113,93.703
5.960,5592.703,5593.060,5592.375,100.844,100.509,101.821,5595.526,5597.588,5592.870,105.983,104.171,87.562,5593.425,5594.351,5592.992,94.826,99.570,92.640
5.980,5594.679,5595.048,5594.260,100.555,100.449,101.240,5597.762,5598.915,5595.405,104.928,102.495,91.150,5595.480,5596.081,5595.083,95.260,99.673,93.611
6.000,5596.643,5597.035,5596.200,100.334,100.437,100.953,5598.607,5601.518,5598.129,96.413,106.657,97.417,5597.214,5598.126,5597.060,94.515,100.444,93.774
6.020,5598.611,5599.044,5598.070,100.074,100.452,100.447,5598.893,5603.859,5601.682,85.990,110.181,106.524,5599.031,5600.232,5599.151,93.730,100.814,93.548
6.040,5600.550,5601.107,5599.966,99.738,100.675,100.105,5600.092,5606.349,5604.075,83.037,111.683,108.387,5600.898,5602.446,5601.101,92.965,101.479,93.113
6.060,5602.460,5603.195,5601.933,99.376,101.037,100.064,5602.467,5607.059,5606.898,86.570,106.469,109.612,5603.004,5604.243,5603.352,93.065,101.714,93.866
6.080,5604.380,5605.253,5603.870,99.059,101.267,99.909,5606.133,5608.386,5607.638,96.778,101.910,101.714,5605.158,5606.194,5605.219,93.343,101.567,93.787
6.100,5606.301,5607.277,5605.839,98.825,101.393,99.880,5608.601,5610.360,5609.004,99.850,100.946,98.538,5607.136,5608.247,5607.089,93.175,101.682,93.505
6.120,5608.203,5609.347,5607.737,98.420,101.642,99.581,5610.381,5611.915,5611.828,98.826,99.665,101.580,5609.127,5610.226,5609.200,93.177,101.944,93.943
6.140,5610.182,5611.351,5609.650,98.410,101.616,99.426,5614.533,5613.036,5612.200,109.125,94.847,94.009,5611.460,5612.009,5610.976,94.550,100.710,93.704
6.160,5612.180,5613.363,5611.588,98.500,101.616,99.409,5619.088,5614.144,5612.271,120.423,89.772,85.823,5613.939,5613.756,5612.703,96.405,99.224,93.470
6.180,5614.144,5615.423,5613.539,98.435,101.802,99.433,5620.865,5616.742,5613.969,115.817,94.068,87.138,5615.635,5615.922,5614.492,95.191,100.314,92.979
6.200,5616.112,5617.453,5615.475,98.389,101.868,99.374,5621.669,5620.178,5615.709,107.715,101.226,89.000,5617.395,5618.281,5616.233,94.078,101.307,92.198
6.220,5618.034,5619.504,5617.397,98.138,102.023,99.213,5621.581,5623.582,5618.688,95.472,109.317,95.486,5619.073,5620.619,5618.180,93.261,102.269,92.202
6.240,5619.977,5621.520,5619.377,98.087,102.072,99.314,5622.033,5626.262,5621.726,87.351,113.645,100.698,5620.875,5622.762,5620.245,92.983,102.581,92.422
6.260,5621.990,5623.632,5621.535,98.541,102.500,100.408,5622.537,5628.702,5625.117,80.027,116.826,106.473,5622.762,5624.885,5622.517,93.075,102.767,93.180
6.280,5624.022,5625.702,5623.711,99.178,102.786,101.641,5622.145,5632.017,5628.449,65.224,125.700,113.923,5624.807,5627.251,5624.656,93.133,102.263,92.964
6.300,5626.015,5627.782,5625.888,99.641,103.116,102.798,5624.786,5634.138,5629.552,73.390,121.710,108.140,5626.700,5629.425,5626.569,93.124,102.411,93.094
6.320,5627.994,5629.894,5627.953,99.703,103.432,103.186,5627.992,5635.739,5630.576,84.073,115.601,102.419,5628.609,5631.420,5628.465,93.053,102.522,93.188
6.340,5630.013,5631.975,5630.009,99.905,103.601,103.520,5629.478,5637.549,5633.451,83.227,114.226,104.758,5630.630,5633.396,5630.668,93.490,102.258,93.996
6.360,5632.022,5633.999,5632.067,100.044,103.581,103.734,5631.227,5638.752,5636.589,84.248,110.496,107.313,5632.688,5635.172,5632.968,93.949,101.976,95.084
6.380,5634.072,5635.952,5634.072,100.215,103.274,103.599,5636.099,5639.545,5636.753,99.787,102.234,99.291,5634.875,5636.987,5634.753,94.013,101.386,94.212
6.400,5636.160,5637.857,5636.119,100.635,102.849,103.733,5640.190,5639.989,5638.164,110.006,94.877,96.065,5637.168,5638.642,5636.810,94.934,100.345,94.176
6.420,5638.215,5639.768,5638.177,100.895,102.484,103.834,5641.596,5641.463,5641.347,107.340,93.945,99.586,5639.237,5640.452,5639.140,95.355,99.984,95.025
6.440,5640.266,5641.707,5640.201,101.023,102.194,103.732,5642.068,5644.385,5644.058,99.868,98.783,102.436,5641.057,5642.597,5641.271,94.907,100.477,95.341
6.460,5642.312,5643.665,5642.202,101.066,101.961,103.500,5642.716,5647.177,5646.646,93.863,102.653,104.590,5642.868,5644.754,5643.391,94.407,101.010,95.619
6.480,5644.325,5645.624,5644.077,100.750,101.653,102.559,5644.767,5648.580,5649.199,95.763,99.629,105.261,5644.989,5646.693,5645.625,95.012,100.832,96.527
6.500,5646.322,5647.578,5645.944,100.445,101.359,101.696,5647.790,5649.600,5651.035,102.798,93.498,102.926,5647.293,5648.580,5647.740,96.019,99.905,96.986
6.520,5648.325,5649.547,5647.767,100.172,101.109,100.790,5650.850,5651.400,5652.061,106.500,92.751,99.904,5649.337,5650.439,5649.405,96.118,99.724,96.211
6.540,5650.329,5651.519,5649.627,100.027,100.925,100.192,5654.048,5652.579,5653.533,114.015,87.157,96.546,5651.661,5652.303,5651.336,96.816,98.673,95.920
6.560,5652.344,5653.495,5651.591,100.079,100.841,100.139,5655.522,5654.319,5656.270,109.356,89.088,99.686,5653.616,5654.113,5653.558,96.723,98.776,96.421
6.580,5654.361,5655.473,5653.622,100.224,100.812,100.393,5657.625,5657.224,5657.380,107.805,93.340,97.903,5655.548,5656.268,5655.320,96.355,98.973,95.607
6.600,5656.303,5657.458,5655.709,100.165,100.869,100.789,5660.235,5659.946,5658.020,109.589,95.323,94.186,5657.485,5658.411,5656.987,96.063,99.158,94.649
6.620,5658.198,5659.457,5657.777,99.911,100.969,101.033,5663.954,5661.233,5658.819,118.645,89.830,89.032,5659.656,5660.272,5658.788,96.564,98.620,94.228
6.640,5660.079,5661.483,5659.789,99.528,101.118,101.018,5666.955,5662.660,5660.288,124.384,86.193,86.063,5661.808,5662.211,5660.720,97.007,97.956,93.875
6.660,5662.034,5663.440,5661.831,99.510,101.042,101.207,5670.432,5664.122,5661.199,132.918,81.915,80.695,5663.959,5664.094,5662.476,97.271,97.058,93.021
6.680,5664.060,5665.371,5663.857,99.733,100.857,101.392,5673.678,5665.712,5662.265,137.595,80.018,77.468,5666.109,5665.947,5664.279,97.492,96.607,92.518
6.700,5666.127,5667.276,5665.927,100.162,100.626,101.822,5676.602,5667.354,5663.562,139.653,79.319,75.803,5668.221,5667.791,5666.158,97.742,96.140,92.156
6.720,5668.191,5669.214,5668.042,100.620,100.542,102.484,5677.749,5670.363,5665.542,130.426,86.519,79.441,5669.998,5669.872,5668.177,97.599,96.410,92.070
6.740,5670.213,5671.224,5670.117,100.783,100.650,102.853,5680.159,5672.761,5666.735,129.988,88.612,78.118,5671.932,5671.913,5670.010,97.450,96.528,91.543
6.760,5672.324,5673.287,5672.348,101.605,101.013,104.313,5680.047,5676.203,5669.615,116.097,97.313,85.156,5673.754,5674.134,5672.099,96.795,97.451,91.805
6.780,5674.343,5675.353,5674.513,101.855,101.327,105.100,5680.981,5679.028,5671.902,109.149,101.723,88.440,5675.600,5676.293,5674.111,96.285,98.050,91.922
6.800,5676.343,5677.383,5676.640,101.899,101.488,105.500,5681.385,5680.961,5675.664,99.126,104.216,96.949,5677.578,5678.275,5676.491,96.209,98.408,93.123
6.820,5678.280,5679.436,5678.652,101.363,101.623,104.997,5684.999,5682.069,5676.850,107.889,99.033,92.358,5679.771,5680.076,5678.444,97.161,97.397,93.330
6.840,5680.244,5681.489,5680.565,100.769,101.677,104.034,5685.785,5684.850,5679.273,99.676,104.054,96.321,5681.585,5682.204,5680.377,96.200,98.734,93.511
6.860,5682.229,5683.520,5682.549,100.503,101.718,103.635,5685.729,5687.193,5683.077,88.689,107.846,104.610,5683.422,5684.331,5682.646,95.667,99.225,93.676
6.880,5684.197,5685.514,5684.533,100.222,101.656,103.239,5688.440,5688.326,5685.058,94.005,103.236,102.900,5685.591,5686.164,5684.701,96.198,98.842,94.174
6.900,5686.157,5687.494,5686.457,99.867,101.518,102.588,5691.877,5689.465,5686.439,102.010,98.315,98.996,5687.833,5687.984,5686.660,97.371,97.755,94.360
6.920,5688.121,5689.461,5688.421,99.662,101.376,102.225,5694.143,5691.781,5687.826,103.003,99.318,96.829,5689.857,5689.993,5688.504,97.695,97.414,94.240
6.940,5690.138,5691.390,5690.359,99.676,101.090,101.856,5697.103,5693.750,5688.922,109.247,96.763,92.526,5692.154,5691.990,5690.266,98.876,96.253,93.893
6.960,5692.154,5693.334,5692.352,99.772,100.903,101.790,5697.250,5696.948,5691.716,96.324,105.368,98.543,5693.667,5694.212,5692.367,97.330,97.825,93.564
6.980,5694.180,5695.312,5694.267,99.784,100.775,101.420,5698.370,5699.291,5694.423,90.326,108.382,102.667,5695.554,5696.191,5694.446,96.967,98.269,93.786
7.000,5696.139,5697.321,5696.146,99.521,100.767,100.887,5697.800,5702.270,5698.290,76.086,115.815,111.521,5697.326,5698.370,5696.614,95.778,99.022,93.404
7.020,5698.095,5699.303,5698.070,99.347,100.710,100.585,5698.979,5704.267,5701.054,74.656,115.039,113.722,5699.372,5700.350,5698.737,96.427,98.692,94.229
7.040,5700.099,5701.232,5700.043,99.448,100.506,100.546,5700.386,5706.454,5703.510,74.698,114.466,114.214,5701.356,5702.350,5700.829,96.657,98.621,94.750
7.060,5702.092,5703.166,5702.042,99.527,100.352,100.611,5704.140,5707.442,5704.485,87.033,107.002,107.038,5703.403,5704.183,5702.668,95.942,98.708,93.489
7.080,5704.096,5705.127,5704.025,99.609,100.271,100.634,5707.785,5708.550,5705.600,96.913,101.133,101.536,5705.610,5706.014,5704.590,96.529,98.237,93.436
7.100,5706.109,5707.106,5705.997,99.692,100.242,100.629,5710.743,5709.176,5707.930,103.422,94.597,100.960,5707.892,5707.739,5706.759,97.449,97.609,94.219
7.120,5708.098,5709.148,5707.975,99.667,100.417,100.663,5712.767,5712.159,5708.984,101.406,99.176,98.374,5709.723,5709.964,5708.508,96.878,98.241,93.598
7.140,5710.058,5711.210,5710.067,99.671,100.727,101.160,5714.894,5715.266,5709.723,99.527,104.129,94.937,5711.492,5712.206,5710.299,96.294,98.980,93.265
7.160,5712.023,5713.237,5712.152,99.700,100.912,101.590,5716.002,5717.039,5713.057,97.307,102.823,99.645,5713.362,5714.258,5712.535,95.928,99.291,93.618
7.180,5714.042,5715.212,5714.180,99.863,100.868,101.772,5718.553,5719.219,5714.255,99.299,103.200,96.563,5715.449,5716.250,5714.440,96.459,98.965,93.981
7.200,5716.100,5717.148,5716.237,100.221,100.713,102.114,5719.932,5722.452,5715.575,94.275,109.009,95.631,5717.247,5718.408,5716.301,96.056,99.375,93.685
7.220,5718.137,5719.096,5718.303,100.478,100.618,102.447,5722.081,5724.060,5717.893,97.807,105.270,96.031,5719.287,5720.407,5718.331,96.269,99.061,93.700
7.240,5720.222,5721.037,5720.345,100.850,100.479,102.706,5724.556,5725.524,5719.945,102.627,101.043,95.183,5721.451,5722.337,5720.329,96.961,98.317,93.963
7.260,5722.326,5723.103,5722.462,101.394,100.776,103.495,5724.678,5728.085,5723.464,92.252,106.250,101.887,5723.133,5724.416,5722.600,95.818,99.305,94.110
7.280,5724.424,5725.099,5724.556,101.838,100.833,104.024,5726.237,5729.184,5726.958,93.008,102.381,105.793,5725.095,5726.214,5724.869,95.796,98.958,94.596
7.300,5726.466,5727.093,5726.552,101.778,100.805,103.785,5728.819,5731.752,5727.665,96.205,102.854,100.983,5727.229,5728.304,5726.738,96.419,98.841,94.896
7.320,5728.521,5729.042,5728.567,101.822,100.662,103.658,5730.254,5733.673,5730.433,93.054,103.804,104.026,5729.220,5730.216,5728.910,96.476,98.933,95.281
7.340,5730.581,5730.962,5730.591,101.909,100.448,103.579,5731.011,5736.561,5732.801,86.680,108.443,106.181,5731.119,5732.282,5730.954,96.131,99.333,95.244
7.360,5732.657,5732.873,5732.643,102.111,100.242,103.683,5734.368,5738.013,5733.837,95.835,103.036,101.046,5733.323,5734.141,5732.885,96.792,98.687,95.384
7.380,5734.741,5734.780,5734.709,102.348,100.044,103.862,5737.311,5739.850,5734.860,101.401,100.325,97.079,5735.490,5736.044,5734.806,97.357,98.287,95.499
7.400,5736.793,5736.665,5736.736,102.373,99.771,103.741,5739.196,5740.608,5738.482,101.382,97.114,101.553,5737.664,5737.728,5737.192,97.979,97.777,96.512
7.420,5738.823,5738.538,5738.738,102.274,99.467,103.456,5740.055,5742.288,5742.154,95.568,98.758,107.047,5739.676,5739.537,5739.485,97.885,97.811,96.834
7.440,5740.808,5740.459,5740.668,101.892,99.279,102.796,5742.121,5744.351,5743.860,96.672,98.470,105.569,5741.707,5741.503,5741.432,97.925,97.814,96.778
7.460,5742.806,5742.369,5742.625,101.671,99.095,102.389,5742.177,5747.145,5747.174,87.325,104.055,110.481,5743.499,5743.534,5743.542,97.008,98.400,96.280
7.480,5744.784,5744.317,5744.613,101.444,99.060,102.169,5744.421,5748.504,5749.479,90.993,100.529,109.788,5745.596,5745.419,5745.715,97.469,97.916,97.043
7.500,5746.704,5746.330,5746.612,101.030,99.235,101.980,5747.043,5749.586,5751.723,97.174,95.098,108.268,5747.770,5747.310,5747.960,98.495,96.637,98.253
7.520,5748.601,5748.399,5748.642,100.570,99.605,101.952,5748.829,5752.451,5752.913,94.258,99.306,106.747,5749.487,5749.482,5749.767,96.919,98.469,97.135
7.540,5750.523,5750.471,5750.700,100.251,99.990,102.099,5751.841,5753.593,5754.683,102.937,92.655,103.555,5751.716,5751.377,5751.926,98.285,96.650,98.160
7.560,5752.443,5752.538,5752.681,99.833,100.313,101.905,5752.751,5755.764,5757.716,95.653,97.073,107.557,5753.448,5753.425,5754.169,96.844,98.334,98.121
7.580,5754.358,5754.589,5754.669,99.445,100.587,101.757,5755.242,5757.999,5758.936,98.435,96.574,104.732,5755.395,5755.514,5756.034,96.676,98.564,97.941
7.600,5756.280,5756.634,5756.674,99.131,100.837,101.709,5758.499,5758.459,5761.075,107.569,88.441,102.533,5757.610,5757.205,5758.268,97.685,97.465,98.817
7.620,5758.201,5758.660,5758.744,98.935,101.051,101.944,5760.860,5759.874,5763.152,109.905,86.221,101.866,5759.650,5759.072,5760.409,97.800,97.168,99.063
7.640,5760.197,5760.665,5760.773,99.007,101.107,102.085,5764.235,5761.038,5764.421,116.625,81.787,98.539,5761.808,5760.908,5762.346,98.189,96.848,98.888
7.660,5762.190,5762.684,5762.821,99.080,101.218,102.301,5767.712,5761.734,5766.008,126.194,74.125,94.961,5764.099,5762.659,5764.382,99.034,95.538,98.746
7.680,5764.212,5764.666,5764.797,99.183,101.135,102.189,5769.082,5764.855,5767.603,116.567,83.482,96.859,5765.921,5764.833,5766.187,98.339,96.675,98.236
7.700,5766.154,5766.708,5766.710,98.839,101.269,101.722,5770.402,5768.258,5768.861,109.149,91.479,97.164,5767.670,5767.138,5767.830,97.420,97.756,97.382
7.720,5768.098,5768.741,5768.659,98.599,101.387,101.466,5773.112,5769.835,5770.562,114.015,88.204,94.952,5769.769,5769.111,5769.798,97.682,97.305,97.206
7.740,5770.044,5770.766,5770.632,98.430,101.486,101.343,5775.736,5771.258,5772.433,117.581,85.396,93.635,5771.836,5771.024,5771.812,97.897,96.837,97.117
7.760,5772.102,5772.874,5772.710,98.813,101.824,101.915,5778.692,5773.193,5773.531,120.523,84.759,91.105,5773.878,5773.159,5773.700,97.793,97.657,96.871
7.780,5774.094,5775.006,5774.786,98.901,102.269,102.371,5780.585,5774.706,5776.235,117.398,85.823,94.006,5775.918,5775.088,5775.985,97.902,97.534,97.477
7.800,5776.066,5777.097,5776.767,98.766,102.510,102.273,5784.150,5776.265,5777.070,125.030,81.966,89.317,5777.992,5777.207,5777.788,97.947,97.951,96.933
7.820,5778.020,5779.147,5778.741,98.579,102.606,102.079,5784.710,5778.995,5780.053,113.279,89.848,95.339,5779.916,5779.256,5779.946,97.770,98.157,97.337
7.840,5779.920,5781.215,5780.713,98.173,102.790,101.821,5785.573,5781.007,5783.237,105.285,93.775,100.536,5781.850,5781.174,5782.200,97.624,98.155,98.024
7.860,5781.780,5783.283,5782.740,97.725,103.016,101.781,5788.508,5782.257,5784.983,111.654,88.924,98.124,5783.941,5783.110,5784.236,97.916,97.495,97.886
7.880,5783.694,5785.336,5784.723,97.481,103.122,101.639,5788.670,5785.397,5787.896,98.689,98.241,103.713,5785.691,5785.310,5786.401,97.033,98.898,98.371
7.900,5785.590,5787.410,5786.723,97.198,103.308,101.576,5791.325,5787.696,5788.960,102.199,97.737,100.307,5787.561,5787.551,5788.178,96.521,99.611,97.639
7.920,5787.603,5789.429,5788.717,97.441,103.232,101.647,5791.825,5790.734,5791.627,93.370,104.275,103.899,5789.396,5789.749,5790.262,96.043,100.252,97.708
7.940,5789.696,5791.411,5790.706,98.007,102.984,101.780,5790.769,5794.626,5795.158,76.899,115.903,111.035,5791.150,5792.011,5792.487,95.594,100.961,98.486
7.960,5791.808,5793.338,5792.706,98.659,102.564,101.927,5792.567,5797.065,5796.962,77.989,115.932,109.646,5793.073,5794.101,5794.398,95.677,100.861,98.085
7.980,5793.876,5795.272,5794.705,99.072,102.213,101.967,5794.998,5798.613,5798.958,84.543,110.243,107.991,5795.127,5796.078,5796.420,95.956,100.211,97.577
8.000,5795.921,5797.218,5796.714,99.367,101.941,102.012,5796.923,5801.093,5800.607,85.878,110.539,106.123,5797.070,5798.188,5798.303,95.869,100.210,97.138
8.020,5798.066,5799.260,5798.897,100.330,102.078,103.219,5799.106,5803.531,5801.965,87.140,111.180,103.882,5799.021,5800.300,5800.198,95.769,100.628,96.902
8.040,5800.181,5801.296,5801.058,101.093,102.198,104.219,5799.475,5806.145,5805.107,80.412,114.658,107.799,5800.832,5802.396,5802.498,95.369,100.973,97.692
8.060,5802.355,5803.391,5803.251,102.140,102.521,105.562,5801.742,5807.117,5807.788,85.332,108.459,108.547,5802.971,5804.180,5804.735,95.684,100.497,98.063
8.080,5804.437,5805.443,5805.275,102.270,102.562,105.471,5804.770,5808.668,5809.102,92.238,104.108,105.097,5805.152,5806.152,5806.672,96.278,100.103,98.092
8.100,5806.645,5807.513,5807.390,103.167,102.726,106.258,5807.948,5809.994,5810.484,99.248,99.351,101.984,5807.450,5808.085,5808.690,97.182,99.555,98.365
8.120,5808.744,5809.560,5809.290,102.969,102.631,105.353,5810.950,5810.888,5812.409,105.671,93.576,100.473,5809.783,5809.943,5810.781,98.076,98.919,98.653
8.140,5810.927,5811.671,5811.399,103.673,102.927,106.041,5811.636,5813.629,5815.110,97.737,99.094,103.812,5811.672,5812.065,5812.927,97.433,99.556,98.762
8.160,5813.020,5813.736,5813.449,103.759,103.009,106.011,5813.629,5814.745,5817.944,98.374,96.395,105.876,5813.780,5813.933,5815.209,97.465,99.679,99.104
8.180,5815.144,5815.836,5815.519,104.020,103.217,106.207,5815.791,5817.305,5819.245,99.359,97.669,103.316,5815.817,5816.123,5817.090,97.377,99.926,98.883
8.200,5817.200,5817.824,5817.494,103.714,102.984,105.529,5818.857,5818.388,5820.933,107.279,91.287,100.448,5818.027,5818.022,5819.031,97.750,99.386,98.545
8.220,5819.304,5819.878,5819.525,103.777,103.014,105.405,5822.223,5819.548,5822.366,115.394,85.563,97.024,5820.205,5819.978,5820.913,98.209,98.831,98.248
8.240,5821.305,5821.880,5821.478,103.249,102.828,104.606,5824.661,5821.978,5823.430,115.697,87.610,94.433,5822.264,5822.051,5822.717,98.219,99.331,97.855
8.260,5823.340,5824.001,5823.444,102.960,103.041,104.174,5827.536,5823.282,5825.074,119.471,84.631,92.886,5824.380,5824.022,5824.641,98.472,99.151,97.718
8.280,5825.276,5826.112,5825.320,102.171,103.178,103.198,5829.008,5826.389,5826.530,114.284,90.692,92.645,5826.226,5826.301,5826.359,97.914,99.989,97.062
8.300,5827.227,5828.262,5827.310,101.690,103.531,102.928,5831.031,5829.129,5827.697,113.004,93.684,90.851,5828.140,5828.573,5828.113,97.461,100.752,96.458
8.320,5829.082,5830.371,5829.175,100.724,103.713,102.003,5833.268,5831.181,5829.400,113.126,94.099,90.335,5830.099,5830.696,5829.974,97.278,101.117,96.233
8.340,5831.044,5832.491,5831.124,100.379,103.951,101.724,5836.290,5832.515,5830.885,118.677,90.182,87.704,5832.263,5832.653,5831.864,97.945,100.407,96.002
8.360,5832.984,5834.555,5832.941,99.890,103.937,100.922,5839.075,5833.547,5833.072,119.992,87.850,88.928,5834.503,5834.481,5833.911,98.797,99.893,96.288
8.380,5835.065,5836.593,5834.938,100.222,103.861,101.061,5840.326,5835.449,5836.038,113.529,90.811,93.696,5836.585,5836.441,5836.123,98.938,99.888,96.568
8.400,5837.105,5838.608,5836.813,100.263,103.670,100.662,5840.481,5838.016,5839.665,101.561,97.490,101.337,5838.480,5838.539,5838.362,98.448,100.550,96.933
8.420,5839.220,5840.678,5838.804,100.690,103.693,100.869,5842.264,5839.439,5842.507,100.273,96.573,103.859,5840.633,5840.430,5840.557,98.825,100.250,97.191
8.440,5841.336,5842.670,5840.756,101.097,103.440,100.853,5842.136,5842.242,5845.990,89.038,103.111,110.125,5842.442,5842.557,5842.737,98.099,100.908,97.307
8.460,5843.461,5844.690,5842.812,101.617,103.359,101.291,5844.242,5844.345,5847.757,90.630,102.698,108.554,5844.484,5844.602,5844.667,98.178,100.917,97.071
8.480,5845.452,5846.710,5844.758,101.426,103.267,101.024,5845.056,5847.298,5850.043,84.607,108.123,109.647,5846.248,5846.772,5846.553,97.525,101.631,97.009
8.500,5847.553,5848.723,5846.776,101.775,103.165,101.244,5847.281,5848.478,5852.651,88.665,102.954,110.397,5848.340,5848.706,5848.781,97.623,101.409,97.095
8.520,5849.688,5850.789,5848.787,102.208,103.224,101.524,5850.026,5850.189,5854.040,93.215,100.398,107.510,5850.455,5850.726,5850.620,97.803,101.317,96.651
8.540,5851.701,5852.858,5850.662,101.902,103.230,100.947,5852.360,5852.549,5855.342,94.724,101.195,104.901,5852.451,5852.877,5852.367,97.610,101.675,96.217
8.560,5853.771,5854.944,5852.696,102.096,103.389,101.245,5855.982,5853.567,5856.565,102.924,95.323,101.544,5854.745,5854.776,5854.254,98.241,101.309,96.047
8.580,5855.788,5856.977,5854.658,101.965,103.339,101.058,5857.819,5857.062,5857.344,100.145,101.598,98.319,5856.664,5857.086,5855.892,97.737,102.016,95.453
8.600,5857.876,5858.972,5856.720,102.290,103.227,101.425,5860.000,5860.205,5858.048,99.869,105.334,94.739,5858.710,5859.293,5857.566,97.735,102.229,94.964
8.620,5859.856,5860.897,5858.766,102.164,102.923,101.453,5862.790,5860.693,5860.770,104.781,98.599,96.306,5860.878,5861.015,5859.827,98.344,101.604,95.461
8.640,5861.928,5862.836,5860.842,102.449,102.684,101.807,5864.040,5863.417,5862.942,99.295,103.139,98.009,5862.800,5863.106,5861.855,98.243,101.911,95.595
8.660,5863.863,5864.781,5862.845,102.062,102.457,101.568,5866.506,5864.952,5864.803,102.323,100.426,97.157,5864.829,5865.020,5863.851,98.312,101.659,95.596
8.680,5865.917,5866.746,5864.910,102.258,102.323,101.875,5868.690,5867.302,5866.266,103.203,101.040,95.468,5866.877,5867.081,5865.755,98.334,101.696,95.355
8.700,5867.907,5868.695,5866.877,102.030,102.089,101.566,5872.453,5868.858,5866.758,112.541,96.281,89.619,5869.147,5869.003,5867.431,98.898,101.332,94.900
8.720,5869.870,5870.709,5868.918,101.836,102.125,101.657,5876.061,5870.245,5867.668,125.129,89.143,82.578,5871.270,5870.947,5869.290,98.903,100.869,94.527
8.740,5871.729,5872.710,5870.828,101.078,102.072,100.994,5881.203,5870.885,5867.612,146.638,76.935,70.507,5873.514,5872.836,5871.059,99.415,100.637,94.537
8.760,5873.676,5874.752,5872.747,100.707,102.130,100.607,5881.409,5873.880,5870.657,126.131,89.286,81.605,5875.278,5875.022,5873.130,98.536,101.363,94.705
8.780,5875.542,5876.782,5874.601,100.020,102.163,99.911,5880.760,5878.103,5873.337,105.581,103.529,90.453,5876.837,5877.441,5874.943,97.455,102.355,94.355
8.800,5877.505,5878.840,5876.556,99.849,102.299,99.844,5881.883,5879.903,5876.600,98.948,105.392,96.365,5878.849,5879.356,5877.175,98.031,101.639,95.153
8.820,5879.501,5880.821,5878.419,99.760,102.129,99.425,5884.109,5881.427,5878.885,100.392,103.347,96.927,5880.939,5881.230,5879.229,98.511,101.023,95.386
8.840,5881.559,5882.841,5880.453,100.086,102.147,99.820,5886.892,5882.675,5880.782,105.535,99.263,95.213,5883.083,5883.075,5881.312,99.031,100.219,95.431
8.860,5883.525,5884.863,5882.481,100.054,102.219,100.067,5890.039,5884.007,5882.195,112.390,94.971,91.739,5885.198,5884.942,5883.235,99.248,99.660,95.264
8.880,5885.543,5886.902,5884.542,100.253,102.332,100.523,5892.207,5886.244,5883.765,112.528,95.674,90.804,5887.176,5886.991,5885.148,99.254,99.522,95.073
8.900,5887.455,5888.916,5886.552,99.968,102.386,100.552,5894.992,5887.756,5885.320,116.127,93.263,88.969,5889.242,5888.875,5887.052,99.287,99.191,94.985
8.920,5889.446,5890.955,5888.612,100.069,102.499,100.948,5896.122,5891.169,5886.821,109.003,99.914,90.211,5891.038,5891.163,5888.902,99.062,99.641,94.619
8.940,5891.450,5892.902,5890.590,100.112,102.262,100.870,5897.700,5892.986,5889.388,106.053,100.421,92.868,5893.087,5893.013,5890.966,99.404,99.107,94.854
8.960,5893.572,5894.876,5892.600,100.644,102.086,101.148,5899.121,5895.014,5892.046,101.742,102.056,96.261,5895.188,5894.935,5893.047,99.586,99.222,95.238
8.980,5895.579,5896.874,5894.542,100.554,101.993,100.886,5900.886,5897.749,5893.509,100.701,104.153,95.095,5897.103,5897.099,5894.810,99.326,99.447,94.748
9.000,5897.669,5898.853,5896.548,100.909,101.865,101.081,5903.512,5899.359,5895.314,104.734,101.361,93.536,5899.258,5899.007,5896.795,99.748,98.939,94.667
9.020,5899.774,5900.867,5898.602,101.380,101.886,101.563,5905.519,5901.316,5897.339,104.451,101.244,93.946,5901.336,5900.989,5898.796,99.890,98.892,94.746
9.040,5901.740,5902.866,5900.601,101.155,101.857,101.443,5907.406,5903.936,5898.723,102.980,103.476,93.039,5903.234,5903.132,5900.583,99.520,99.386,94.449
9.060,5903.823,5904.863,5902.681,101.561,101.858,101.972,5907.664,5906.948,5901.616,93.671,108.994,97.978,5905.056,5905.323,5902.707,99.118,100.087,94.988
9.080,5905.877,5906.782,5904.732,101.779,101.607,102.185,5908.764,5908.991,5904.474,90.177,109.677,101.058,5906.972,5907.272,5904.886,98.928,100.072,95.402
9.100,5907.891,5908.783,5906.783,101.790,101.625,102.362,5910.212,5911.658,5906.395,87.688,112.113,101.171,5908.891,5909.377,5906.873,98.976,100.216,95.812
9.120,5909.820,5910.724,5908.761,101.340,101.426,101.939,5911.539,5914.746,5907.929,85.573,115.041,100.226,5910.661,5911.623,5908.678,98.422,100.782,95.426
9.140,5911.849,5912.659,5910.858,101.548,101.290,102.369,5914.516,5915.645,5910.013,92.363,108.976,99.062,5912.749,5913.443,5910.792,98.430,100.413,95.213
9.160,5913.754,5914.612,5912.810,100.992,101.139,101.819,5917.218,5916.674,5912.195,97.087,104.271,98.663,5914.805,5915.269,5912.837,98.477,99.996,95.106
9.180,5915.734,5916.605,5914.899,101.001,101.195,102.181,5920.071,5917.746,5914.299,101.764,100.016,98.123,5916.989,5917.099,5914.956,98.961,99.528,95.341
9.200,5917.670,5918.571,5916.878,100.663,101.104,101.886,5920.674,5920.456,5917.067,95.270,103.761,101.478,5918.694,5919.226,5917.043,98.085,100.079,95.463
9.220,5919.737,5920.556,5918.953,100.988,101.096,102.303,5921.711,5922.865,5919.822,91.122,105.777,104.476,5920.561,5921.280,5919.211,97.527,100.718,95.871
9.240,5921.789,5922.478,5921.011,101.234,100.895,102.553,5924.591,5924.097,5921.693,96.284,101.860,102.760,5922.782,5923.111,5921.252,98.423,99.716,95.943
9.260,5923.901,5924.417,5923.093,101.719,100.753,103.016,5927.269,5925.580,5923.364,100.970,98.542,100.445,5925.072,5924.955,5923.231,99.469,98.610,96.153
9.280,5925.905,5926.340,5925.037,101.504,100.513,102.517,5929.851,5927.163,5925.133,104.726,95.889,98.723,5927.273,5926.798,5925.188,100.179,97.792,96.374
9.300,5927.987,5928.277,5927.116,101.843,100.396,102.901,5931.230,5930.142,5926.742,99.858,100.954,98.842,5929.099,5928.926,5927.061,99.454,98.648,96.021
9.320,5929.932,5930.246,5929.059,101.386,100.326,102.342,5933.721,5931.359,5929.056,102.804,97.636,99.135,5931.239,5930.725,5929.177,99.949,98.099,96.497
9.340,5931.944,5932.276,5931.087,101.336,100.470,102.395,5935.512,5932.840,5931.920,101.723,96.681,101.820,5933.275,5932.604,5931.408,100.010,97.955,96.946
9.360,5933.911,5934.294,5932.973,100.909,100.506,101.705,5937.866,5933.479,5935.074,103.972,92.268,104.411,5935.490,5934.277,5933.730,100.761,97.141,97.783
9.380,5935.912,5936.339,5934.924,100.749,100.653,101.470,5939.055,5936.281,5937.240,98.333,97.214,106.058,5937.265,5936.466,5935.642,99.515,98.457,97.194
9.400,5937.847,5938.338,5936.793,100.293,100.647,100.810,5938.975,5939.412,5940.576,87.671,104.307,111.664,5938.886,5938.725,5937.670,97.606,99.906,96.468
9.420,5939.835,5940.376,5938.747,100.170,100.785,100.682,5939.823,5942.826,5942.410,82.701,109.740,111.522,5940.611,5941.021,5939.482,96.711,100.693,96.096
9.440,5941.734,5942.430,5940.575,99.587,100.953,99.969,5941.669,5945.183,5943.954,83.422,110.152,109.154,5942.444,5943.100,5941.313,96.153,101.305,96.122
9.460,5943.706,5944.501,5942.579,99.508,101.226,100.134,5943.141,5947.547,5946.145,82.428,110.986,109.250,5944.317,5945.225,5943.353,95.710,101.805,96.349
9.480,5945.602,5946.575,5944.521,99.073,101.515,99.953,5945.398,5949.497,5947.780,84.797,109.670,107.321,5946.231,5947.360,5945.380,95.445,102.334,96.644
9.500,5947.549,5948.638,5946.568,98.985,101.780,100.270,5947.901,5950.864,5949.905,88.661,106.203,106.617,5948.207,5949.313,5947.438,95.466,101.951,96.455
9.520,5949.483,5950.737,5948.680,98.916,102.191,100.858,5949.512,5952.859,5952.370,88.302,105.876,107.516,5949.995,5951.440,5949.566,94.487,102.661,96.387
9.540,5951.381,5952.764,5950.670,98.579,102.304,100.783,5953.210,5953.363,5953.999,96.996,98.833,104.852,5952.159,5953.208,5951.518,94.957,101.854,95.962
9.560,5953.337,5954.780,5952.813,98.739,102.420,101.490,5956.835,5954.735,5954.709,104.225,94.905,99.999,5954.480,5955.035,5953.493,96.404,100.856,96.495
9.580,5955.247,5956.738,5954.881,98.621,102.320,101.695,5960.293,5955.594,5956.101,115.932,85.939,95.073,5956.773,5956.703,5955.503,98.149,98.419,97.004
9.600,5957.236,5958.727,5957.042,98.994,102.332,102.532,5961.505,5957.601,5959.123,107.847,90.860,100.159,5958.645,5958.656,5957.743,97.614,99.005,97.187
9.620,5959.186,5960.686,5959.074,98.932,102.183,102.536,5961.155,5961.324,5962.054,90.116,104.443,107.222,5960.161,5960.897,5959.688,95.570,100.587,96.206
9.640,5961.225,5962.701,5961.172,99.351,102.208,103.101,5966.066,5961.626,5962.327,112.359,88.928,96.165,5962.567,5962.672,5961.707,97.484,98.993,97.119
9.660,5963.169,5964.732,5963.161,99.083,102.260,102.834,5966.416,5964.407,5965.512,99.583,97.641,102.768,5964.369,5964.738,5963.835,96.876,99.523,97.250
9.680,5965.119,5966.809,5965.239,99.025,102.507,103.121,5968.680,5965.790,5967.760,102.276,94.731,102.439,5966.368,5966.666,5966.005,97.089,99.111,97.716
9.700,5967.031,5968.815,5967.183,98.577,102.449,102.547,5971.378,5966.046,5970.771,107.026,88.490,103.556,5968.464,5968.327,5968.341,97.850,98.046,98.562
9.720,5969.027,5970.832,5969.255,98.765,102.464,102.861,5972.807,5968.998,5972.325,102.641,93.349,103.324,5970.315,5970.505,5970.241,97.163,98.790,98.148
9.740,5970.930,5972.847,5971.200,98.322,102.443,102.331,5976.540,5970.642,5972.591,111.751,88.876,96.665,5972.402,5972.533,5971.984,97.422,98.662,97.714
9.760,5972.937,5974.879,5973.291,98.593,102.506,102.779,5979.394,5971.893,5974.330,116.765,84.915,94.682,5974.569,5974.390,5974.079,98.049,97.819,97.873
9.780,5974.913,5976.855,5975.339,98.674,102.377,102.884,5980.594,5975.031,5976.105,109.013,92.261,96.412,5976.376,5976.581,5975.995,97.357,98.794,97.561
9.800,5976.885,5978.884,5977.445,98.804,102.459,103.302,5982.746,5976.588,5978.394,109.233,91.397,97.143,5978.412,5978.483,5978.190,97.573,98.524,97.958
9.820,5978.866,5980.803,5979.403,98.750,102.091,102.871,5982.789,5980.257,5981.024,96.915,101.376,101.723,5980.171,5980.694,5980.189,96.910,99.336,97.930
9.840,5980.851,5982.799,5981.459,98.854,102.043,103.029,5984.905,5981.534,5983.636,98.496,98.734,102.638,5982.204,5982.532,5982.450,97.216,98.852,98.453
9.860,5982.795,5984.736,5983.450,98.716,101.792,102.751,5985.623,5983.896,5986.629,92.304,102.213,106.204,5984.030,5984.491,5984.642,96.935,98.860,98.954
9.880,5984.776,5986.766,5985.486,98.753,101.851,102.834,5987.754,5984.999,5989.404,94.581,98.691,107.212,5986.022,5986.340,5986.885,97.073,98.483,99.437
9.900,5986.780,5988.681,5987.555,98.997,101.561,103.037,5988.844,5986.769,5992.594,91.396,99.211,110.307,5987.927,5988.194,5989.164,96.928,98.309,99.999
9.920,5988.868,5990.577,5989.678,99.635,101.232,103.618,5990.412,5988.904,5994.947,90.124,100.116,110.852,5989.892,5990.135,5991.304,96.905,98.222,100.169
9.940,5990.819,5992.495,5991.613,99.361,100.925,102.986,5991.874,5991.276,5997.088,87.991,102.245,110.910,5991.765,5992.134,5993.305,96.637,98.482,100.159
9.960,5992.779,5994.489,5993.642,99.279,100.924,102.951,5994.719,5992.073,5999.382,94.296,95.805,110.243,5993.882,5993.951,5995.543,97.018,97.887,100.394
9.980,5994.753,5996.383,5995.612,99.212,100.589,102.608,5995.755,5995.364,6001.114,89.194,102.032,109.649,5995.643,5996.132,5997.435,96.315,98.571,99.749
10.000,5996.844,5998.301,5997.636,99.640,100.333,102.725,5996.918,5997.981,6003.486,85.673,105.297,110.431,5997.557,5998.166,5999.492,96.215,98.863,99.916
